"source_name","stable_feature_key","stable_geometry_key","key_basis","seed_reference_name","join_status","local_managing_agency","blm_role","management_role_confidence","managing_office","official_page_url","curation_verified_date","category_key","geometry_components","raw_source_gis_acres","calculated_geometry_acres","raw_wsa_rcmnd"
"Bitterbrush Wilderness Study Area","wsa:nlcs_id:nlcs000239","wsa:nlcs_id:nlcs000239:geometry:1","NLCS_ID","Bitterbrush ISA","matched_exact_alias","Bureau of Land Management","local_land_manager","verified_layer_family","","","","no_recommendation",1,647.18593401,643.398039800649,"No recommendation"
"San Benito Wilderness Study Area","wsa:nlcs_id:nlcs000240","wsa:nlcs_id:nlcs000240:geometry:1","NLCS_ID","","unmatched_manual_review","Bureau of Land Management","local_land_manager","verified_layer_family","","","","no_recommendation",1,1512.61848725,1500.08181498365,"No recommendation"
"Merced River Wilderness Study Area","wsa:nlcs_id:nlcs000242","wsa:nlcs_id:nlcs000242:geometry:1","NLCS_ID","Merced River","matched_exact_alias","Bureau of Land Management","local_land_manager","verified_layer_family","","","","non_suitable",1,13096.23505823,12938.5743499996,"Non-suitable"
"Yolla Bolly Contiguous Wilderness Study Area","wsa:nlcs_id:nlcs000243","wsa:nlcs_id:nlcs000243:geometry:1","NLCS_ID","Yolla Bolly Contiguous","matched_exact_alias","Bureau of Land Management","local_land_manager","verified_layer_family","","","","non_suitable",1,591.572,592.307437836078,"Non-suitable"
"Black Mountain Wilderness Study Area","wsa:nlcs_id:nlcs000244","wsa:nlcs_id:nlcs000244:geometry:1","NLCS_ID","Black Mountain","matched_exact_alias","Bureau of Land Management","local_land_manager","verified_layer_family","","","","no_recommendation",1,161.2598584,161.233954602179,"No recommendation"
"Scodie Wilderness Study Area","wsa:nlcs_id:nlcs000245","wsa:nlcs_id:nlcs000245:geometry:1","NLCS_ID","Scodie","matched_exact_alias","Bureau of Land Management","local_land_manager","verified_layer_family","","","","no_recommendation",4,370.32976391,344.748923192143,"No recommendation"
"Timbered Crater Wilderness Study Area","wsa:nlcs_id:nlcs000246","wsa:nlcs_id:nlcs000246:geometry:1","NLCS_ID","Timbered Crater & Baker Cypress ISA","matched_exact_alias","Bureau of Land Management","local_land_manager","verified_layer_family","Applegate Field Office","https://www.blm.gov/visit/timbered-crater-wilderness-study-area","2026-07-25","non_suitable",1,18084.6611163,18088.8588560722,"Non-suitable"
"Wall Canyon Wilderness Study Area","wsa:nlcs_id:nlcs000247","wsa:nlcs_id:nlcs000247:geometry:1","NLCS_ID","","source_only","Bureau of Land Management","local_land_manager","verified_layer_family","","","","non_suitable",1,47567.38344656,47408.9158856884,"Non-suitable"
"Twin Peaks Wilderness Study Area","wsa:nlcs_id:nlcs000249","wsa:nlcs_id:nlcs000249:geometry:1","NLCS_ID","Twin Peaks","matched_exact_alias","Bureau of Land Management","local_land_manager","verified_layer_family","Eagle Lake Field Office","https://www.blm.gov/visit/twin-peaks","2026-07-25","no_recommendation",1,92131.33873118,92298.1610420528,"No recommendation"
"Five Springs Wilderness Study Area","wsa:nlcs_id:nlcs000250","wsa:nlcs_id:nlcs000250:geometry:1","NLCS_ID","Five Springs","matched_exact_alias","Bureau of Land Management","local_land_manager","verified_layer_family","Eagle Lake Field Office","https://www.blm.gov/visit/five-springs","2026-07-25","non_suitable",1,50345.20867603,50635.7730618562,"Non-suitable"
"Dry Valley Rim Wilderness Study Area","wsa:nlcs_id:nlcs000251","wsa:nlcs_id:nlcs000251:geometry:1","NLCS_ID","Dry Valley Rim","matched_exact_alias","Bureau of Land Management","local_land_manager","verified_layer_family","Eagle Lake Field Office","https://www.blm.gov/visit/dry-valley-rim","2026-07-25","suitable",1,94530.10534715,95105.0399699195,"Suitable"
"Rocky Creek/Cache Creek Wilderness Study Area","wsa:nlcs_id:nlcs000252","wsa:nlcs_id:nlcs000252:geometry:1","NLCS_ID","Rocky Creek/Cache Creek","matched_exact_alias","Bureau of Land Management","local_land_manager","verified_layer_family","","","","non_suitable",1,6814.73305813,6689.48295354714,"Non-suitable"
"Symmes Creek Wilderness Study Area","wsa:nlcs_id:nlcs000254","wsa:nlcs_id:nlcs000254:geometry:1","NLCS_ID","Symmes Creek","matched_exact_alias","Bureau of Land Management","local_land_manager","verified_layer_family","","","","non_suitable",1,8747.75496375,8811.59994501399,"Non-suitable"
"Independence Creek Wilderness Study Area","wsa:nlcs_id:nlcs000255","wsa:nlcs_id:nlcs000255:geometry:1","NLCS_ID","Independence Creek","matched_exact_alias","Bureau of Land Management","local_land_manager","verified_layer_family","","","","non_suitable",1,6480.4473219,6523.61657191605,"Non-suitable"
"Moses Wilderness Study Area","wsa:nlcs_id:nlcs000256","wsa:nlcs_id:nlcs000256:geometry:1","NLCS_ID","Moses","matched_exact_alias","Bureau of Land Management","local_land_manager","verified_layer_family","","","","no_recommendation",1,452.18541834,452.163570831066,"No recommendation"
"Rockhouse A Wilderness Study Area","wsa:nlcs_id:nlcs000257","wsa:nlcs_id:nlcs000257:geometry:1","NLCS_ID","Rockhouse (a)","matched_exact_alias","Bureau of Land Management","local_land_manager","verified_layer_family","","","","non_suitable",1,121.69632594,116.580007493888,"Non-suitable"
"Bear Canyon Wilderness Study Area","wsa:nlcs_id:nlcs000258","wsa:nlcs_id:nlcs000258:geometry:1","NLCS_ID","Bear Canyon","matched_exact_alias","Bureau of Land Management","local_land_manager","verified_layer_family","","","","no_recommendation",1,332.4711768,344.11175291133,"No recommendation"
"Table Mountain Wilderness Study Area","wsa:nlcs_id:nlcs000263","wsa:nlcs_id:nlcs000263:geometry:1","NLCS_ID","Table Mountain","matched_exact_alias","Bureau of Land Management","local_land_manager","verified_layer_family","","","","non_suitable",1,990.31642894,1001.89186873165,"Non-suitable"
"San Ysidro Mountain Wilderness Study Area","wsa:nlcs_id:nlcs000264","wsa:nlcs_id:nlcs000264:geometry:1","NLCS_ID","San Ysidro Mountain","matched_exact_alias","Bureau of Land Management","local_land_manager","verified_layer_family","","","","non_suitable",1,2129.92338976,2129.98313136814,"Non-suitable"
"Hauser Mountain Wilderness Study Area","wsa:nlcs_id:nlcs000265","wsa:nlcs_id:nlcs000265:geometry:1","NLCS_ID","Hauser Mountain","matched_exact_alias","Bureau of Land Management","local_land_manager","verified_layer_family","","","","non_suitable",1,5455.8885677,5447.54163581828,"Non-suitable"
"Garcia Mountain Wilderness Study Area","wsa:nlcs_id:nlcs000266","wsa:nlcs_id:nlcs000266:geometry:1","NLCS_ID","Garcia Mountain","matched_exact_alias","Bureau of Land Management","local_land_manager","verified_layer_family","","","","non_suitable",2,78.49642785,78.6829206445796,"Non-suitable"
"Machesna Wilderness Study Area","wsa:nlcs_id:nlcs000267","wsa:nlcs_id:nlcs000267:geometry:1","NLCS_ID","Machesna","matched_exact_alias","Bureau of Land Management","local_land_manager","verified_layer_family","","","","non_suitable",1,81.06423127,81.0597539997005,"Non-suitable"
"San Felipe Hills Wilderness Study Area","wsa:nlcs_id:nlcs000268","wsa:nlcs_id:nlcs000268:geometry:1","NLCS_ID","San Felipe Hills","matched_exact_alias","Bureau of Land Management","local_land_manager","verified_layer_family","","","","non_suitable",1,5279.01895588,5279.03977658671,"Non-suitable"
"Sawtooth Mountains A Wilderness Study Area","wsa:nlcs_id:nlcs000269","wsa:nlcs_id:nlcs000269:geometry:1","NLCS_ID","Sawtooth Mountains A","matched_exact_alias","Bureau of Land Management","local_land_manager","verified_layer_family","","","","non_suitable",1,3965.64962401,4058.40930527407,"Non-suitable"
"Slinkard Wilderness Study Area","wsa:nlcs_id:nlcs000271","wsa:nlcs_id:nlcs000271:geometry:1","NLCS_ID","Slinkard","matched_exact_alias","Bureau of Land Management","local_land_manager","verified_layer_family","","","","non_suitable",1,3830.35051736,3790.5258159289,"Non-suitable"
"Sacatar Meadows Wilderness Study Area","wsa:nlcs_id:nlcs000272","wsa:nlcs_id:nlcs000272:geometry:1","NLCS_ID","Sacatar Meadows","matched_exact_alias","Bureau of Land Management","local_land_manager","verified_layer_family","","","","suitable",4,299.63343775,306.533199195092,"Suitable"
"Owens Peak Wilderness Study Area","wsa:nlcs_id:nlcs000273","wsa:nlcs_id:nlcs000273:geometry:1","NLCS_ID","Owens Peak","matched_exact_alias","Bureau of Land Management","local_land_manager","verified_layer_family","","","","non_suitable",2,935.47707132,903.623336467801,"Non-suitable"
"Pit River Canyon Wilderness Study Area","wsa:nlcs_id:nlcs000274","wsa:nlcs_id:nlcs000274:geometry:1","NLCS_ID","Pit River Canyon","matched_exact_alias","Bureau of Land Management","local_land_manager","verified_layer_family","","","","non_suitable",1,11739.99068632,11842.7190319191,"Non-suitable"
"Panoche Hills South Wilderness Study Area","wsa:nlcs_id:nlcs000275","wsa:nlcs_id:nlcs000275:geometry:1","NLCS_ID","Panoche Hills South","matched_exact_alias","Bureau of Land Management","local_land_manager","verified_layer_family","","","","non_suitable",1,11190.33563298,11147.9378670367,"Non-suitable"
"Panoche Hills North Wilderness Study Area","wsa:nlcs_id:nlcs000276","wsa:nlcs_id:nlcs000276:geometry:1","NLCS_ID","Panoche Hills North","matched_exact_alias","Bureau of Land Management","local_land_manager","verified_layer_family","","","","non_suitable",1,6653.18459295,6531.27563073197,"Non-suitable"
"Milk Ranch/Case Mountain Wilderness Study Area","wsa:nlcs_id:nlcs000277","wsa:nlcs_id:nlcs000277:geometry:1","NLCS_ID","Milk Ranch/Case Mountain","matched_exact_alias","Bureau of Land Management","local_land_manager","verified_layer_family","","","","non_suitable",6,9360.64809262,9279.60748681869,"Non-suitable"
"Piute Cypress ISA Wilderness Study Area","wsa:nlcs_id:nlcs000278","wsa:nlcs_id:nlcs000278:geometry:1","NLCS_ID","Piute Cypress ISA","matched_exact_alias","Bureau of Land Management","local_land_manager","verified_layer_family","","","","non_suitable",1,3473.34823072,3466.55348582193,"Non-suitable"
"Sawtooth Mountains C Wilderness Study Area","wsa:nlcs_id:nlcs000208","wsa:nlcs_id:nlcs000208:geometry:1","NLCS_ID","Sawtooth Mountains C","matched_exact_alias","Bureau of Land Management","local_land_manager","verified_layer_family","","","","no_recommendation",1,472.59504463,456.393517551043,"No recommendation"
"Volcanic Tablelands Wilderness Study Area","wsa:nlcs_id:nlcs000209","wsa:nlcs_id:nlcs000209:geometry:1","NLCS_ID","Volcanic Tablelands","matched_exact_alias","Bureau of Land Management","local_land_manager","verified_layer_family","","","","non_suitable",1,12733.19323951,12444.8079785534,"Non-suitable"
"Tunnison Mountain Wilderness Study Area","wsa:nlcs_id:nlcs000210","wsa:nlcs_id:nlcs000210:geometry:1","NLCS_ID","Tunnison Mountain","matched_exact_alias","Bureau of Land Management","local_land_manager","verified_layer_family","Eagle Lake Field Office","https://www.blm.gov/visit/tunnison-mountain","2026-07-25","non_suitable",1,20165.54778535,20236.7226371943,"Non-suitable"
"Tule Mountain Wilderness Study Area","wsa:nlcs_id:nlcs000211","wsa:nlcs_id:nlcs000211:geometry:1","NLCS_ID","Tule Mountain","matched_exact_alias","Bureau of Land Management","local_land_manager","verified_layer_family","","","","non_suitable",1,17814.31927477,17753.1806771172,"Non-suitable"
"Thatcher Ridge Wilderness Study Area","wsa:nlcs_id:nlcs000212","wsa:nlcs_id:nlcs000212:geometry:1","NLCS_ID","Thatcher Ridge","matched_exact_alias","Bureau of Land Management","local_land_manager","verified_layer_family","","","","non_suitable",3,150.87772149,152.731386868998,"Non-suitable"
"Skedaddle Wilderness Study Area","wsa:nlcs_id:nlcs000213","wsa:nlcs_id:nlcs000213:geometry:1","NLCS_ID","Skedaddle","matched_exact_alias","Bureau of Land Management","local_land_manager","verified_layer_family","Eagle Lake Field Office","https://www.blm.gov/visit/skedaddle","2026-07-25","non_suitable",1,62815.21866999,63165.8269228219,"Non-suitable"
"South Warner Contiguous Wilderness Study Area","wsa:nlcs_id:nlcs000215","wsa:nlcs_id:nlcs000215:geometry:1","NLCS_ID","South Warner Contiguous","matched_exact_alias","Bureau of Land Management","local_land_manager","verified_layer_family","","","","suitable",10,4332.93831806,4419.15268362125,"Suitable"
"Big Butte Wilderness Study Area","wsa:nlcs_id:nlcs000216","wsa:nlcs_id:nlcs000216:geometry:1","NLCS_ID","Big Butte","matched_exact_alias","Bureau of Land Management","local_land_manager","verified_layer_family","","","","non_suitable",3,1554.71927633,1554.72522951224,"Non-suitable"
"Buffalo Hills Wilderness Study Area","wsa:nlcs_id:nlcs000217","wsa:nlcs_id:nlcs000217:geometry:1","NLCS_ID","Buffalo Hills","matched_exact_alias","Bureau of Land Management","local_land_manager","verified_layer_family","Eagle Lake Field Office / Applegate Field Office","https://www.blm.gov/visit/buffalo-hills","2026-07-25","non_suitable",1,47510.69370874,47395.8229507069,"Non-suitable"
"Caliente Mountain Wilderness Study Area","wsa:nlcs_id:nlcs000218","wsa:nlcs_id:nlcs000218:geometry:1","NLCS_ID","Caliente Mountain","matched_exact_alias","Bureau of Land Management","local_land_manager","verified_layer_family","","","","no_recommendation",1,18015.41667293,18002.1481751093,"No recommendation"
"Cerro Gordo Wilderness Study Area","wsa:nlcs_id:nlcs000219","wsa:nlcs_id:nlcs000219:geometry:1","NLCS_ID","Cerro Gordo","matched_exact_alias","Bureau of Land Management","local_land_manager","verified_layer_family","","","","non_suitable",1,5298.81190381,5357.92036445941,"Non-suitable"
"Chidago Canyon Wilderness Study Area","wsa:nlcs_id:nlcs000220","wsa:nlcs_id:nlcs000220:geometry:1","NLCS_ID","Chidago Canyon","matched_exact_alias","Bureau of Land Management","local_land_manager","verified_layer_family","","","","non_suitable",1,20347.71297106,20460.3905708436,"Non-suitable"
"Lava Wilderness Study Area","wsa:nlcs_id:nlcs000223","wsa:nlcs_id:nlcs000223:geometry:1","NLCS_ID","Lava","matched_exact_alias","Bureau of Land Management","local_land_manager","verified_layer_family","","","","non_suitable",1,10763.25202955,10720.0953687909,"Non-suitable"
"Massacre Rim Wilderness Study Area","wsa:nlcs_id:nlcs000224","wsa:nlcs_id:nlcs000224:geometry:1","NLCS_ID","Massacre Rim","matched_exact_alias","Bureau of Land Management","local_land_manager","verified_layer_family","Applegate Field Office","https://www.blm.gov/massacre-rim-dark-sky-sanctuary","2026-07-25","non_suitable",1,101400.2514572,101092.286509896,"Non-suitable"
"Sheep Ridge Wilderness Study Area","wsa:nlcs_id:nlcs000225","wsa:nlcs_id:nlcs000225:geometry:1","NLCS_ID","Sheep Ridge","matched_exact_alias","Bureau of Land Management","local_land_manager","verified_layer_family","","","","non_suitable",1,5017.07325523,5028.0951075792,"Non-suitable"
"Casa Diablo Wilderness Study Area","wsa:nlcs_id:nlcs000226","wsa:nlcs_id:nlcs000226:geometry:1","NLCS_ID","Casa Diablo","matched_exact_alias","Bureau of Land Management","local_land_manager","verified_layer_family","","","","non_suitable",1,8992.57695319,9032.99431947665,"Non-suitable"
"Fish Slough Wilderness Study Area","wsa:nlcs_id:nlcs000227","wsa:nlcs_id:nlcs000227:geometry:1","NLCS_ID","Fish Slough","matched_exact_alias","Bureau of Land Management","local_land_manager","verified_layer_family","","","","non_suitable",1,15336.72430734,15340.6500076198,"Non-suitable"
"Excelsior Wilderness Study Area","wsa:nlcs_id:nlcs000228","wsa:nlcs_id:nlcs000228:geometry:1","NLCS_ID","Excelsior","matched_exact_alias","Bureau of Land Management","local_land_manager","verified_layer_family","","","","non_suitable",1,9399.6886857,9323.15738145733,"Non-suitable"
"Beauty Mountain Wilderness Study Area","wsa:nlcs_id:nlcs000230","wsa:nlcs_id:nlcs000230:geometry:1","NLCS_ID","Beauty Mountain","matched_exact_alias","Bureau of Land Management","local_land_manager","verified_layer_family","","","","non_suitable",2,3824.50960528,3817.22934381245,"Non-suitable"
"Carrizo Gorge Wilderness Study Area","wsa:nlcs_id:nlcs000231","wsa:nlcs_id:nlcs000231:geometry:1","NLCS_ID","Carrizo Gorge","matched_exact_alias","Bureau of Land Management","local_land_manager","verified_layer_family","","","","no_recommendation",6,894.04439562,905.80546617806,"No recommendation"
"Sheldon Contiguous Wilderness Study Area","wsa:nlcs_id:nlcs000233","wsa:nlcs_id:nlcs000233:geometry:1","NLCS_ID","","source_only","Bureau of Land Management","local_land_manager","verified_layer_family","","","","non_suitable",2,24265.26917685,24132.4799380979,"Non-suitable"
"White Mountains Wilderness Study Area","wsa:nlcs_id:nlcs000234","wsa:nlcs_id:nlcs000234:geometry:1","NLCS_ID","White Mountains","matched_exact_alias","Bureau of Land Management","local_land_manager","verified_layer_family","","","","non_suitable",2,1650.30318667,1637.15890763708,"Non-suitable"
"Bodie Wilderness Study Area","wsa:nlcs_id:nlcs000235","wsa:nlcs_id:nlcs000235:geometry:1","NLCS_ID","Bodie","matched_exact_alias","Bureau of Land Management","local_land_manager","verified_layer_family","","","","non_suitable",1,16973.13042321,16960.8149574343,"Non-suitable"
"Mount Biedeman Wilderness Study Area","wsa:nlcs_id:nlcs000236","wsa:nlcs_id:nlcs000236:geometry:1","NLCS_ID","Mount Biedeman","matched_exact_alias","Bureau of Land Management","local_land_manager","verified_layer_family","","","","non_suitable",1,13105.0398087,13035.95764237,"Non-suitable"
"Bodie Mountain Wilderness Study Area","wsa:nlcs_id:nlcs000237","wsa:nlcs_id:nlcs000237:geometry:1","NLCS_ID","Bodie Mountain","matched_exact_alias","Bureau of Land Management","local_land_manager","verified_layer_family","","","","non_suitable",1,25609.96074032,25604.7885945238,"Non-suitable"
"Southern Inyo Wilderness Study Area","wsa:nlcs_id:nlcs000238","wsa:nlcs_id:nlcs000238:geometry:1","NLCS_ID","Southern Inyo","matched_exact_alias","Bureau of Land Management","local_land_manager","verified_layer_family","","","","suitable",6,3719.4097674,3719.42450163085,"Suitable"
"Bear Mountain Wilderness Study Area","wsa:nlcs_id:nlcs000241","wsa:nlcs_id:nlcs000241:geometry:1","NLCS_ID","Bear Mountain","matched_exact_alias","Bureau of Land Management","local_land_manager","verified_layer_family","","","","no_recommendation",3,4024.62573432,3728.61942724676,"No recommendation"
"Eden Valley Wilderness Study Area","wsa:nlcs_id:nlcs000222","wsa:nlcs_id:nlcs000222:geometry:1","NLCS_ID","Eden Valley","matched_exact_alias","Bureau of Land Management","local_land_manager","verified_layer_family","","","","non_suitable",1,6477.14430806,6479.62565036865,"Non-suitable"
"Crater Mountain Wilderness Study Area","wsa:nlcs_id:nlcs000221","wsa:nlcs_id:nlcs000221:geometry:1","NLCS_ID","Crater Mountain","matched_exact_alias","Bureau of Land Management","local_land_manager","verified_layer_family","","","","non_suitable",1,7519.55435248,7519.55434390342,"Non-suitable"
"Red Mountain","wsa:globalid:eab306b9-62de-406c-9e79-fa7692fd729d","wsa:globalid:eab306b9-62de-406c-9e79-fa7692fd729d:geometry:1","GlobalID","Red Mountain","matched_exact_alias","Bureau of Land Management","local_land_manager","verified_layer_family","","","","unknown",1,0,317.863061624502,""
"Trinity Alps (Subunit 4)","wsa:globalid:f713da90-b15b-4cdb-9a29-cb1c158626d7","wsa:globalid:f713da90-b15b-4cdb-9a29-cb1c158626d7:geometry:1","GlobalID","","unmatched_manual_review","Bureau of Land Management","local_land_manager","verified_layer_family","","","","unknown",1,220.80012245,220.976802282306,""
