"row_type","candidate_id","display_name","agency_or_provider","theme","external_group","external_group_order","external_subgroup","external_subgroup_order","primary_panel","recommended_patch_bucket","recommended_ui_tier","service_type","source_page","notes"
"current_catalog","","DWR Groundwater Depth Seasonal Contours","DWR / CNRA","Groundwater levels","Water / groundwater / water quality",10,"Groundwater levels",10,"external","already in catalog","","map","https://data.cnra.ca.gov/dataset/i08-groundwaterdepthseasonal-contours","Seasonal groundwater-depth contours. Service may be proxied through utility.arcgis.com."
"current_catalog","","DWR Recently Measured Groundwater Levels","DWR / CNRA","Groundwater levels","Water / groundwater / water quality",10,"Groundwater levels",10,"external","already in catalog","","feature","https://catalog.data.gov/dataset/californias-groundwater-live-supporting-data-eb38d/resource/15dcd342-e4e5-4a1c-b766-a417d373470c","Monitoring wells in DWR's groundwater elevation database with a groundwater elevation measurement reported in the last 18 months."
"current_catalog","","DWR Seasonal Groundwater Depth Contours","DWR / CNRA","Groundwater levels","Water / groundwater / water quality",10,"Groundwater levels",10,"external","already in catalog","","map","https://gis.water.ca.gov/arcgis/rest/services/Geoscientific/i08_GroundwaterDepthSeasonal_Contours/MapServer","California DWR ArcGIS REST MapServer layer. Use as a visual overlay."
"current_catalog","","DWR Seasonal Groundwater Depth Points","DWR / CNRA","Groundwater levels","Water / groundwater / water quality",10,"Groundwater levels",10,"external","already in catalog","","map","https://gis.water.ca.gov/arcgis/rest/services/Geoscientific/i08_GroundwaterDepthSeasonal_Points/MapServer","California DWR ArcGIS REST MapServer layer. Use as a visual overlay."
"current_catalog","","DWR Seasonal Groundwater Elevation Contours","DWR / CNRA","Groundwater levels","Water / groundwater / water quality",10,"Groundwater levels",10,"external","already in catalog","","map","https://gis.water.ca.gov/arcgis/rest/services/Geoscientific/i08_GroundwaterElevationSeasonal_Contours/MapServer","California DWR ArcGIS REST MapServer layer. Use as a visual overlay."
"current_catalog","","DWR Seasonal Groundwater Elevation Points","DWR / CNRA","Groundwater levels","Water / groundwater / water quality",10,"Groundwater levels",10,"external","already in catalog","","map","https://gis.water.ca.gov/arcgis/rest/services/Geoscientific/i08_GroundwaterElevationSeasonal_Points/MapServer","California DWR ArcGIS REST MapServer layer. Use as a visual overlay."
"current_catalog","","DWR Seasonal Groundwater Level Change Contours","DWR / CNRA","Groundwater levels","Water / groundwater / water quality",10,"Groundwater levels",10,"external","already in catalog","","map","https://gis.water.ca.gov/arcgis/rest/services/Geoscientific/i08_GroundwaterLevelChangeSeasonal_Contours/MapServer","California DWR ArcGIS REST MapServer layer. Use as a visual overlay."
"current_catalog","","DWR Seasonal Groundwater Level Change Points","DWR / CNRA","Groundwater levels","Water / groundwater / water quality",10,"Groundwater levels",10,"external","already in catalog","","map","https://gis.water.ca.gov/arcgis/rest/services/Geoscientific/i08_GroundwaterLevelChangeSeasonal_Points/MapServer","California DWR ArcGIS REST MapServer layer. Use as a visual overlay."
"current_catalog","","DWR Adjudicated Groundwater Areas","DWR / CNRA","Groundwater / SGMA","Water / groundwater / water quality",10,"Groundwater / SGMA",20,"external","already in catalog","","map","https://gis.water.ca.gov/arcgis/rest/services/Boundaries/i03_Adjudicated_Areas/MapServer","California DWR ArcGIS REST MapServer layer. Use as a visual overlay."
"current_catalog","","DWR Critically Overdrafted Basins","DWR / CNRA","Groundwater / SGMA","Water / groundwater / water quality",10,"Groundwater / SGMA",20,"external","already in catalog","","map","https://gis.water.ca.gov/arcgis/rest/services/Geoscientific/i08_CriticallyOverdraftedBasins/MapServer","California DWR ArcGIS REST MapServer layer. Use as a visual overlay."
"current_catalog","","DWR Groundwater Sustainability Agencies","DWR / CNRA","Groundwater / SGMA","Water / groundwater / water quality",10,"Groundwater / SGMA",20,"external","already in catalog","","map","https://gis.water.ca.gov/arcgis/rest/services/Boundaries/i03_Groundwater_Sustainability_Agencies/MapServer","California DWR ArcGIS REST MapServer layer. Use as a visual overlay."
"current_catalog","","DWR Groundwater Sustainability Plan Areas","DWR / CNRA","Groundwater / SGMA","Water / groundwater / water quality",10,"Groundwater / SGMA",20,"external","already in catalog","","map","https://gis.water.ca.gov/arcgis/rest/services/Boundaries/i03_Groundwater_Sustainability_Plan_Areas/MapServer","California DWR ArcGIS REST MapServer layer. Use as a visual overlay."
"current_catalog","","DWR SGMA 2019 Basin Prioritization","DWR / CNRA","Groundwater / SGMA","Water / groundwater / water quality",10,"Groundwater / SGMA",20,"external","already in catalog","","map","https://gis.water.ca.gov/arcgis/rest/services/Geoscientific/i08_B118_SGMA_2019_Basin_Prioritization/MapServer","California DWR ArcGIS REST MapServer layer. Use as a visual overlay."
"current_catalog","","DWR Delta Primary/Secondary Zones","DWR / CNRA","Delta / Bay-Delta","Water / groundwater / water quality",10,"Delta / Bay-Delta",30,"external","already in catalog","","map","https://gis.water.ca.gov/arcgis/rest/services/Boundaries/i03_Delta_PrimarySecondary_Zones/MapServer","California DWR ArcGIS REST MapServer layer. Use as a visual overlay."
"current_catalog","","DWR Legal Delta Boundary","DWR / CNRA","Delta / Bay-Delta","Water / groundwater / water quality",10,"Delta / Bay-Delta",30,"external","already in catalog","","map","https://gis.water.ca.gov/arcgis/rest/services/Boundaries/i03_LegalDeltaBoundary/MapServer","California DWR ArcGIS REST MapServer layer. Use as a visual overlay."
"current_catalog","","DWR Suisun Marsh Boundary","DWR / CNRA","Delta / Bay-Delta","Water / groundwater / water quality",10,"Delta / Bay-Delta",30,"external","already in catalog","","map","https://gis.water.ca.gov/arcgis/rest/services/Boundaries/i03_SuisunMarshBoundary/MapServer","California DWR ArcGIS REST MapServer layer. Use as a visual overlay."
"current_catalog","","DWR Bulletin 118 Groundwater Basins","DWR / CNRA","Groundwater basins","Water / groundwater / water quality",10,"Groundwater basins",40,"external","already in catalog","","map","https://gis.water.ca.gov/arcgis/rest/services/Geoscientific/i08_B118_CA_GroundwaterBasins/MapServer","California DWR ArcGIS REST MapServer layer. Use as a visual overlay."
"current_catalog","","DWR Groundwater Stations — Enterprise Water Management","DWR / CNRA","Groundwater monitoring","Water / groundwater / water quality",10,"Groundwater monitoring",50,"external","already in catalog","","map","https://gis.water.ca.gov/arcgis/rest/services/Geoscientific/i08_GroundwaterStations_EnterpriseWaterManagement/MapServer","California DWR ArcGIS REST MapServer layer. Use as a visual overlay."
"current_catalog","","DWR Groundwater Stations — inspectable features","DWR / CNRA","Groundwater monitoring","Water / groundwater / water quality",10,"Groundwater monitoring",50,"external","already in catalog","","feature","https://gis.water.ca.gov/arcgis/rest/services/Geoscientific/i08_GroundwaterStations_EnterpriseWaterManagement/FeatureServer/0","California DWR FeatureServer layer. Current-view loading is recommended for larger statewide layers."
"current_catalog","","DWR Continuous Monitoring Stations — Hydstra Period","DWR / CNRA","Water quality / monitoring","Water / groundwater / water quality",10,"Water quality / monitoring",60,"external","already in catalog","","map","https://gis.water.ca.gov/arcgis/rest/services/Geoscientific/i08_Stations_Monitoring_Continuous_Hydstra_Period/MapServer","California DWR ArcGIS REST MapServer layer. Use as a visual overlay."
"current_catalog","","DWR Discrete Grab Water Quality Stations","DWR / CNRA","Water quality / monitoring","Water / groundwater / water quality",10,"Water quality / monitoring",60,"external","already in catalog","","map","https://gis.water.ca.gov/arcgis/rest/services/Geoscientific/i08_Stations_Discrete_Grab_Water_Quality/MapServer","California DWR ArcGIS REST MapServer layer. Use as a visual overlay."
"current_catalog","","DWR C2VSimFG Boundary","DWR / CNRA","Groundwater models / C2VSim","Water / groundwater / water quality",10,"Groundwater models / C2VSim",70,"external","already in catalog","","map","https://gis.water.ca.gov/arcgis/rest/services/Geoscientific/i08_C2VSimFG_Boundary/MapServer","California DWR ArcGIS REST MapServer layer. Use as a visual overlay."
"current_catalog","","DWR C2VSimFG Elements","DWR / CNRA","Groundwater models / C2VSim","Water / groundwater / water quality",10,"Groundwater models / C2VSim",70,"external","already in catalog","","map","https://gis.water.ca.gov/arcgis/rest/services/Geoscientific/i08_C2VSimFG_Elements/MapServer","California DWR ArcGIS REST MapServer layer. Use as a visual overlay."
"current_catalog","","DWR C2VSimFG Groundwater Head Observations","DWR / CNRA","Groundwater models / C2VSim","Water / groundwater / water quality",10,"Groundwater models / C2VSim",70,"external","already in catalog","","map","https://gis.water.ca.gov/arcgis/rest/services/Geoscientific/C2VSimFG_Groundwater_Head_Observations/MapServer","California DWR ArcGIS REST MapServer layer. Use as a visual overlay."
"current_catalog","","DWR C2VSimFG Nodes","DWR / CNRA","Groundwater models / C2VSim","Water / groundwater / water quality",10,"Groundwater models / C2VSim",70,"external","already in catalog","","map","https://gis.water.ca.gov/arcgis/rest/services/Geoscientific/i08_C2VSimFG_Nodes/MapServer","California DWR ArcGIS REST MapServer layer. Use as a visual overlay."
"current_catalog","","DWR C2VSimFG Stream Observations","DWR / CNRA","Groundwater models / C2VSim","Water / groundwater / water quality",10,"Groundwater models / C2VSim",70,"external","already in catalog","","map","https://gis.water.ca.gov/arcgis/rest/services/Geoscientific/C2VSimFG_Stream_Observations/MapServer","California DWR ArcGIS REST MapServer layer. Use as a visual overlay."
"current_catalog","","DWR C2VSimFG Stream Reaches","DWR / CNRA","Groundwater models / C2VSim","Water / groundwater / water quality",10,"Groundwater models / C2VSim",70,"external","already in catalog","","map","https://gis.water.ca.gov/arcgis/rest/services/Geoscientific/i08_C2VSimFG_Stream_Reaches/MapServer","California DWR ArcGIS REST MapServer layer. Use as a visual overlay."
"current_catalog","","DWR C2VSimFG Subregions","DWR / CNRA","Groundwater models / C2VSim","Water / groundwater / water quality",10,"Groundwater models / C2VSim",70,"external","already in catalog","","map","https://gis.water.ca.gov/arcgis/rest/services/Geoscientific/i08_C2VSimFG_Subregions/MapServer","California DWR ArcGIS REST MapServer layer. Use as a visual overlay."
"current_catalog","","DWR C2VSimFG Subsidence Observations","DWR / CNRA","Groundwater models / C2VSim","Water / groundwater / water quality",10,"Groundwater models / C2VSim",70,"external","already in catalog","","map","https://gis.water.ca.gov/arcgis/rest/services/Geoscientific/C2VSimFG_Subsidence_Observations/MapServer","California DWR ArcGIS REST MapServer layer. Use as a visual overlay."
"current_catalog","","DWR Well Completion Reports Index","DWR / CNRA","Wells / well completion reports","Water / groundwater / water quality",10,"Wells / well completion reports",80,"external","already in catalog","","map","https://gis.water.ca.gov/arcgis/rest/services/Environment/i07_WellCompletionReports/MapServer","California DWR ArcGIS REST MapServer layer. Use as a visual overlay."
"current_catalog","","DWR Well Completion Reports Index — inspectable features","DWR / CNRA","Wells / well completion reports","Water / groundwater / water quality",10,"Wells / well completion reports",80,"external","already in catalog","","feature","https://gis.water.ca.gov/arcgis/rest/services/Environment/i07_WellCompletionReports/FeatureServer/0","California DWR FeatureServer layer. Current-view loading is recommended for larger statewide layers."
"current_catalog","","SWRCB Points of Diversion","SWRCB / Water Boards","Water rights / PODs","Water / groundwater / water quality",10,"Water rights / PODs",90,"external","already in catalog","","map","https://gispublic.waterboards.ca.gov/arcgis/rest/services/Water_Rights/Points_of_Diversion/MapServer?f=pjson","SWRCB Points of Diversion MapServer from WRIMS-derived locations. PT2 also has a local filtered POD/WR layer."
"current_catalog","","SWRCB Impaired Waters / Integrated Report","SWRCB / Water Boards","Water quality / impaired waters","Water / groundwater / water quality",10,"Water quality / impaired waters",100,"external","already in catalog","","map","https://gispublic.waterboards.ca.gov/arcgis/rest/services/Water_Quality/Impaired_waters/MapServer","Water bodies assessed and listed as impaired under Clean Water Act 303(d)/305(b)."
"current_catalog","","Water Boards 2026 Aquifer Risk Map — Water Quality Risk","SWRCB / Water Boards","Groundwater quality / drinking water","Water / groundwater / water quality",10,"Groundwater quality / drinking water",110,"external","already in catalog","","feature","https://gispublic.waterboards.ca.gov/portalserver/rest/services/Hosted/Water_Quality_Risk_2026_ARM/FeatureServer","Water quality risk estimates for domestic wells and state small water systems. Current-view loading is recommended."
"current_catalog","","Water Boards Drought Water Service Areas","SWRCB / Water Boards","Water service areas","Water / groundwater / water quality",10,"Water service areas",120,"external","already in catalog","","map","https://gispublic.waterboards.ca.gov/arcgis/rest/services/webmap/Service_GISPublic/MapServer","Drought water service area boundaries used in SaveWater.ca.gov context."
"current_catalog","","Live Stream Gages / Flow","Esri / USGS / NOAA","Streamflow / observed gages","Water / groundwater / water quality",10,"Streamflow / observed gages",130,"both","already in catalog","","feature","https://services9.arcgis.com/RHVPKKiFTONKtxq3/arcgis/rest/services/Live_Stream_Gauges_v1/FeatureServer/0","Near-real-time public stream-gage feed. Values depend on the source agency feed and may be stale or missing for some stations."
"current_catalog","","NWM Streamflow Analysis (cfs)","NOAA / NWS / OWP","Streamflow / modeled flow","Water / groundwater / water quality",10,"Streamflow / modeled flow",140,"external","already in catalog","","map","https://water.noaa.gov/about/nwm","Modeled National Water Model streamflow analysis layer. This is not an observed gage layer; use together with observed gages and local PT2 context."
"candidate_from_random_adds_audit","CA_GDE_NCCAG","California NCCAG / groundwater-dependent ecosystems / iGDE","California DWR","Groundwater / ecology / springs / wetlands","Water / groundwater / water quality",10,"GDE / groundwater ecology",900,"External","EL_003_first_low_risk_add_batch","A","MapServer","Use provider landing/product page for user-facing srce; retain REST endpoint in audit metadata.","Audit candidate; EL_003_first_low_risk_add_batch"
"candidate_from_random_adds_audit","CPC_NLDAS_SOIL","CPC NLDAS Noah soil moisture percentiles","NOAA / CPC / Drought.gov","Soil moisture / drought","Water / groundwater / water quality",10,"Soil moisture",900,"External","EL_006_compact_explore_links","B","Other","Use provider landing/product page for user-facing srce; retain REST endpoint in audit metadata.","Audit candidate; EL_006_compact_explore_links"
"candidate_from_random_adds_audit","CROP_CASMA","Crop-CASMA soil moisture anomaly","USDA NASS / NASA / Drought.gov","Soil moisture / ag drought / anomaly","Water / groundwater / water quality",10,"Soil moisture",900,"External","EL_006_compact_explore_links","B/C","API","Use provider landing/product page for user-facing srce; retain REST endpoint in audit metadata.","Audit candidate; EL_006_compact_explore_links"
"candidate_from_random_adds_audit","SPORT_LIS","NASA SPoRT-LIS soil moisture percentiles","NASA SPoRT / Drought.gov","Soil moisture / drought / fire / watershed","Water / groundwater / water quality",10,"Soil moisture",900,"External first; consider Ops/both after QA","EL_006_compact_explore_links","A/B","Other","Use provider landing/product page for user-facing srce; retain REST endpoint in audit metadata.","Audit candidate; EL_006_compact_explore_links"
"candidate_from_random_adds_audit","NWM_SOIL_MOISTURE","NOAA National Water Model Land Analysis near-surface soil moisture saturation","NOAA / NWS / Office of Water Prediction","Soil moisture / current wetness","Water / groundwater / water quality",10,"Soil moisture",900,"keep existing panel; audit External/Ops duplication","EL_004_existing_row_upgrades","A/B","MapServer","Use provider landing/product page for user-facing srce; retain REST endpoint in audit metadata.","Audit candidate; EL_004_existing_row_upgrades"
"candidate_from_random_adds_audit","SMAP_GRACE","SMAP / GRACE broad soil moisture products","NASA / Drought.gov","Broad drought / remote sensing","Water / groundwater / water quality",10,"Soil moisture",900,"External","EL_006_compact_explore_links","C","API","Use provider landing/product page for user-facing srce; retain REST endpoint in audit metadata.","Audit candidate; EL_006_compact_explore_links"
"candidate_from_random_adds_audit","IMPAIRED_WATERS","303(d) / 305(b) impaired waters / TMDL context","California State Water Resources Control Board","Water quality","Water / groundwater / water quality",10,"Water quality / impaired waters",900,"keep existing panel; audit External/Ops duplication","EL_004_existing_row_upgrades","A","MapServer","Use provider landing/product page for user-facing srce; retain REST endpoint in audit metadata.","Audit candidate; EL_004_existing_row_upgrades"
"current_catalog","","DWR Local Maintenance Areas — Flood Protection","DWR / CNRA","Flood management","Water operations / flood / coastal",20,"Flood management",10,"external","already in catalog","","map","https://gis.water.ca.gov/arcgis/rest/services/Boundaries/i03_Local_Maintenance_Areas_Flood_Protection/MapServer","California DWR ArcGIS REST MapServer layer. Use as a visual overlay."
"current_catalog","","DWR SPFC Planning Area","DWR / CNRA","Flood management","Water operations / flood / coastal",20,"Flood management",10,"external","already in catalog","","map","https://gis.water.ca.gov/arcgis/rest/services/Boundaries/i03_SPFCPlanningArea_20100301/MapServer","California DWR ArcGIS REST MapServer layer. Use as a visual overlay."
"current_catalog","","DWR Systemwide Planning Area","DWR / CNRA","Flood management","Water operations / flood / coastal",20,"Flood management",10,"external","already in catalog","","map","https://gis.water.ca.gov/arcgis/rest/services/Boundaries/i03_SystemwidePA_20101007/MapServer","California DWR ArcGIS REST MapServer layer. Use as a visual overlay."
"current_catalog","","DWR Historic Levee Breaks","DWR / CNRA","Flood management / levees","Water operations / flood / coastal",20,"Flood management / levees",20,"external","already in catalog","","map","https://gis.water.ca.gov/arcgis/rest/services/InlandWaters/i12_Levee_Breaks_Historic/MapServer","California DWR ArcGIS REST MapServer layer. Use as a visual overlay."
"current_catalog","","FEMA NFHL Flood Hazard Zones","FEMA","Flood hazards","Water operations / flood / coastal",20,"Flood hazards",30,"external","already in catalog","","map","https://hazards.fema.gov/femaportal/wps/portal/NFHLWMS","Effective FEMA National Flood Hazard Layer flood hazard zones. Scale-dependent map layer."
"current_catalog","","CNRA CSMW Potential Sea-Level-Rise Impacts","DWR / CNRA","Sea level rise / coastal flooding","Water operations / flood / coastal",20,"Sea level rise / coastal flooding",40,"external","already in catalog","","map","https://gis.cnra.ca.gov/arcgis/rest/services/Ocean/CSMW_Potential_Sea_Level_Rise_Impacts/MapServer","Potential sea-level-rise impact layers for California coastal screening."
"current_catalog","","NOAA Potential Marsh Distribution — 6.5 ft","NOAA","Sea level rise / coastal flooding","Water operations / flood / coastal",20,"Sea level rise / coastal flooding",40,"external","already in catalog","","map","https://coast.noaa.gov/digitalcoast/tools/slr.html","NOAA Digital Coast sea-level-rise screening layer. Use as visual context near the coast."
"current_catalog","","NOAA Sea Level Rise Inundation — 1.5 ft","NOAA","Sea level rise / coastal flooding","Water operations / flood / coastal",20,"Sea level rise / coastal flooding",40,"external","already in catalog","","map","https://coast.noaa.gov/digitalcoast/tools/slr.html","NOAA Digital Coast sea-level-rise screening layer. Use as visual context near the coast."
"current_catalog","","NOAA Sea Level Rise Inundation — 2 ft","NOAA","Sea level rise / coastal flooding","Water operations / flood / coastal",20,"Sea level rise / coastal flooding",40,"external","already in catalog","","map","https://coast.noaa.gov/digitalcoast/tools/slr.html","NOAA Digital Coast sea-level-rise screening layer. Use as visual context near the coast."
"current_catalog","","NOAA Sea Level Rise Inundation — 3 ft","NOAA","Sea level rise / coastal flooding","Water operations / flood / coastal",20,"Sea level rise / coastal flooding",40,"external","already in catalog","","map","https://coast.noaa.gov/digitalcoast/tools/slr.html","NOAA Digital Coast sea-level-rise screening layer. Use as visual context near the coast."
"current_catalog","","NOAA Sea Level Rise Inundation — 6 ft","NOAA","Sea level rise / coastal flooding","Water operations / flood / coastal",20,"Sea level rise / coastal flooding",40,"external","already in catalog","","map","https://coast.noaa.gov/digitalcoast/tools/slr.html","NOAA Digital Coast sea-level-rise screening layer. Use as visual context near the coast."
"current_catalog","","DWR Water Shortage Social Vulnerability — Block Groups","DWR / CNRA","Drought / water shortage vulnerability","Weather / snow / drought",30,"Drought / water shortage vulnerability",10,"external","already in catalog","","map","https://gis.water.ca.gov/arcgis/rest/services/Environment/i07_Water_Shortage_Social_Vulnerability_BlockGroups/MapServer","California DWR ArcGIS REST MapServer layer. Use as a visual overlay."
"current_catalog","","DWR Water Shortage Vulnerability — Sections","DWR / CNRA","Drought / water shortage vulnerability","Weather / snow / drought",30,"Drought / water shortage vulnerability",10,"external","already in catalog","","map","https://gis.water.ca.gov/arcgis/rest/services/Environment/i07_Water_Shortage_Vulnerability_Sections/MapServer","California DWR ArcGIS REST MapServer layer. Use as a visual overlay."
"current_catalog","","DWR Water Shortage Vulnerability — Small Water Systems","DWR / CNRA","Drought / water shortage vulnerability","Weather / snow / drought",30,"Drought / water shortage vulnerability",10,"external","already in catalog","","map","https://gis.water.ca.gov/arcgis/rest/services/Environment/i07_Water_Shortage_Vulnerability_Small_Water_Systems/MapServer","California DWR ArcGIS REST MapServer layer. Use as a visual overlay."
"current_catalog","","NWS WFOs","NOAA / NWS","Weather operations / WFOs","Weather / snow / drought",30,"Weather operations / WFOs",20,"ops_live","already in catalog","","feature","https://www.weather.gov/gis/CWABounds","NOAA/NWS County Warning Area polygons. These are the WFO forecast/warning responsibility areas, not just office point locations."
"current_catalog","","U.S. Drought Monitor (current)","NOAA / NWS / NDMC / USDA","Climate monitoring / drought","Weather / snow / drought",30,"Climate monitoring / drought",30,"ops_live","already in catalog","","feature","https://droughtmonitor.unl.edu/","Current U.S. Drought Monitor polygons, locally styled by official D0-D4 drought categories."
"current_catalog","","CPC 6-10 Day Precipitation Outlook","NOAA / NWS / CPC","Climate outlooks / CPC","Weather / snow / drought",30,"Climate outlooks / CPC",40,"ops_live","already in catalog","","map","https://www.cpc.ncep.noaa.gov/products/predictions/610day/index.php","CPC probabilistic 6-10 day precipitation outlook loaded as local current-view polygons for stable hover/popup behavior. Colors are PT2-local approximations of CPC category/probability classes."
"current_catalog","","CPC 6-10 Day Temperature Outlook","NOAA / NWS / CPC","Climate outlooks / CPC","Weather / snow / drought",30,"Climate outlooks / CPC",40,"ops_live","already in catalog","","map","https://www.cpc.ncep.noaa.gov/products/predictions/610day/index.php","CPC probabilistic 6-10 day temperature outlook loaded as local current-view polygons for stable hover/popup behavior. Colors are PT2-local approximations of CPC category/probability classes."
"current_catalog","","CPC 8-14 Day Precipitation Outlook","NOAA / NWS / CPC","Climate outlooks / CPC","Weather / snow / drought",30,"Climate outlooks / CPC",40,"ops_live","already in catalog","","map","https://www.cpc.ncep.noaa.gov/products/predictions/814day/index.php","CPC probabilistic 8-14 day precipitation outlook loaded as local current-view polygons for stable hover/popup behavior. Colors are PT2-local approximations of CPC category/probability classes."
"current_catalog","","CPC 8-14 Day Temperature Outlook","NOAA / NWS / CPC","Climate outlooks / CPC","Weather / snow / drought",30,"Climate outlooks / CPC",40,"ops_live","already in catalog","","map","https://www.cpc.ncep.noaa.gov/products/predictions/814day/index.php","CPC probabilistic 8-14 day temperature outlook loaded as local current-view polygons for stable hover/popup behavior. Colors are PT2-local approximations of CPC category/probability classes."
"candidate_from_random_adds_audit","CPC_MONTH_SEASON","CPC monthly / seasonal outlooks","NOAA / NWS / CPC","Climate outlook","Weather / snow / drought",30,"Climate outlook",900,"External compact/explore","EL_005_endpoint_discovery_or_defer","C","Other","Use provider landing/product page for user-facing srce; retain REST endpoint in audit metadata.","Audit candidate; EL_005_endpoint_discovery_or_defer"
"candidate_from_random_adds_audit","CPC_WEEK34","CPC Week 3–4 outlooks","NOAA / NWS / CPC","Climate outlook","Weather / snow / drought",30,"Climate outlook",900,"External compact/explore","EL_005_endpoint_discovery_or_defer","B/C","Other","Use provider landing/product page for user-facing srce; retain REST endpoint in audit metadata.","Audit candidate; EL_005_endpoint_discovery_or_defer"
"candidate_from_random_adds_audit","FRAP_VEG_FIRE","CAL FIRE / FRAP vegetation, fuels, burn severity","CAL FIRE / FRAP","Fire / vegetation / watershed condition","Weather / snow / drought",30,"Drought / vegetation",900,"External first; consider Ops/both after QA","EL_005_second_wave_service_layers","B/C","FeatureServer","Use provider landing/product page for user-facing srce; retain REST endpoint in audit metadata.","Audit candidate; EL_005_second_wave_service_layers"
"candidate_from_random_adds_audit","NASA_GIBS_NDVI","NASA GIBS MODIS/VIIRS NDVI-style imagery","NASA EOSDIS GIBS","Satellite / vegetation imagery","Weather / snow / drought",30,"Drought / vegetation",900,"External","EL_006_compact_explore_links","C","WMTS","Use provider landing/product page for user-facing srce; retain REST endpoint in audit metadata.","Audit candidate; EL_006_compact_explore_links"
"candidate_from_random_adds_audit","NOAA_STAR_NDVI","NOAA STAR NDVI / greenness products","NOAA STAR / Drought.gov","Raw greenness / vegetation context","Weather / snow / drought",30,"Drought / vegetation",900,"External","EL_006_compact_explore_links","C/B","Other","Use provider landing/product page for user-facing srce; retain REST endpoint in audit metadata.","Audit candidate; EL_006_compact_explore_links"
"candidate_from_random_adds_audit","NOAA_STAR_VHI","NOAA STAR VHI / VCI / TCI vegetation health","NOAA STAR / Drought.gov","Vegetation stress / drought / fire risk","Weather / snow / drought",30,"Drought / vegetation",900,"External first; consider Ops/both after QA","EL_006_compact_explore_links","B","Other","Use provider landing/product page for user-facing srce; retain REST endpoint in audit metadata.","Audit candidate; EL_006_compact_explore_links"
"candidate_from_random_adds_audit","QUICKDRI","QuickDRI","NDMC / Drought.gov","Flash drought / recent drydown","Weather / snow / drought",30,"Drought / vegetation",900,"External","EL_006_compact_explore_links","A/B","Other","Use provider landing/product page for user-facing srce; retain REST endpoint in audit metadata.","Audit candidate; EL_006_compact_explore_links"
"candidate_from_random_adds_audit","VEGDRI","VegDRI","NDMC / Drought.gov","Vegetation drought stress / rangeland","Weather / snow / drought",30,"Drought / vegetation",900,"External","EL_006_compact_explore_links","A/B","Other","Use provider landing/product page for user-facing srce; retain REST endpoint in audit metadata.","Audit candidate; EL_006_compact_explore_links"
"candidate_from_random_adds_audit","CPC_HAZARDS","CPC Day 8–14 hazards / rapid-onset drought / week-2 hazards","NOAA / NWS / CPC","Climate hazards / drought / heat / wind","Weather / snow / drought",30,"Hazards / week-2 outlooks",900,"External first; consider Ops/both after QA","EL_006_compact_explore_links","B","Other","Use provider landing/product page for user-facing srce; retain REST endpoint in audit metadata.","Audit candidate; EL_006_compact_explore_links"
"candidate_from_random_adds_audit","NOHRSC_SNOW","NOHRSC snow analysis — snow depth and SWE","NOAA / NWS / NOHRSC","Snow / water supply","Weather / snow / drought",30,"Snow analysis",900,"External first; consider Ops/both after QA","EL_003_first_low_risk_add_batch","A","MapServer","Use provider landing/product page for user-facing srce; retain REST endpoint in audit metadata.","Audit candidate; EL_003_first_low_risk_add_batch"
"candidate_from_random_adds_audit","BETTER_WIND_OBS","Better wind — NOAA surface observations / MADIS wind barbs","NOAA / NWS / MADIS","Wind observations","Weather / snow / drought",30,"Wind",900,"External","EL_003_or_EL_004_after_review","A","MapServer","Use provider landing/product page for user-facing srce; retain REST endpoint in audit metadata.","Audit candidate; EL_003_or_EL_004_after_review"
"candidate_from_random_adds_audit","NDFD_WIND","NDFD / gridded forecast wind","NOAA / NWS / NDFD","Wind forecast","Weather / snow / drought",30,"Wind",900,"External first; consider Ops/both after QA","EL_006_compact_explore_links","A/B","WMS","Use provider landing/product page for user-facing srce; retain REST endpoint in audit metadata.","Audit candidate; EL_006_compact_explore_links"
"candidate_from_random_adds_audit","WPC_WSSI","WPC Winter Storm Severity Index","NOAA / NWS / WPC","Snow impacts / winter forecast","Weather / snow / drought",30,"Winter weather",900,"External first; consider Ops/both after QA","EL_005_second_wave_service_layers","B","MapServer","Use provider landing/product page for user-facing srce; retain REST endpoint in audit metadata.","Audit candidate; EL_005_second_wave_service_layers"
"current_catalog","","ALERTCalifornia Camera Viewsheds","ALERTCalifornia / UC San Diego","Fire / cameras","Fire / hazards / emergency",40,"Fire / cameras",10,"both","already in catalog","","feature","https://alertcalifornia.org/","Source-provided camera viewshed polygons. Use with ALERTCalifornia Cameras to interpret what each camera may see."
"current_catalog","","ALERTCalifornia Cameras","ALERTCalifornia / UC San Diego","Fire / cameras","Fire / hazards / emergency",40,"Fire / cameras",10,"both","already in catalog","","feature","https://alertcalifornia.org/","Live ALERTCalifornia camera locations. Direction arrows use the source pan/heading field when available; online/offline status comes from the source service."
"current_catalog","","CAL FIRE Fire Perimeters — All","CAL FIRE / FRAP","Fire / burn scars","Fire / hazards / emergency",40,"Fire / burn scars",20,"external","already in catalog","","feature","https://www.fire.ca.gov/what-we-do/fire-resource-assessment-program/fire-perimeters","Full California historical fire perimeter layer from CAL FIRE FRAP, covering fires back to 1878 where mapped/available."
"current_catalog","","CAL FIRE Recent Large Fire Perimeters","CAL FIRE / FRAP","Fire / burn scars","Fire / hazards / emergency",40,"Fire / burn scars",20,"both","already in catalog","","feature","https://www.fire.ca.gov/what-we-do/fire-resource-assessment-program/fire-perimeters","Recent large California fire-perimeter/burn-scar context from CAL FIRE FRAP. This service layer is already filtered by CAL FIRE/Living Atlas as recent large fire perimeters greater than 5,000 acres."
"current_catalog","","NIFC Current Wildfire Perimeters","NIFC / WFIGS","Fire / active incidents","Fire / hazards / emergency",40,"Fire / active incidents",30,"ops_live","already in catalog","","feature","https://data-nifc.opendata.arcgis.com/datasets/nifc::wfigs-current-interagency-fire-perimeters/about","Current interagency wildfire/prescribed-fire perimeter polygons from NIFC/WFIGS. Perimeters are not available for every incident and the layer is operational/live."
"candidate_from_random_adds_audit","SPC_CONVECTIVE","SPC convective outlooks","NOAA / NWS / Storm Prediction Center","Severe weather outlooks","Fire / hazards / emergency",40,"Convective outlooks",900,"External first; consider Ops/both after QA","EL_005_second_wave_service_layers","B","MapServer","Use provider landing/product page for user-facing srce; retain REST endpoint in audit metadata.","Audit candidate; EL_005_second_wave_service_layers"
"candidate_from_random_adds_audit","SPC_FIREWX","SPC fire weather outlooks","NOAA / NWS / Storm Prediction Center","Fire / wind / forecast","Fire / hazards / emergency",40,"Fire weather outlooks",900,"External first; consider Ops/both after QA","EL_003_first_low_risk_add_batch","A/B","MapServer","Use provider landing/product page for user-facing srce; retain REST endpoint in audit metadata.","Audit candidate; EL_003_first_low_risk_add_batch"
"candidate_from_random_adds_audit","SPC_MESO_DISC","SPC mesoscale discussions","NOAA / NWS / Storm Prediction Center","Active weather / severe / fire-wind / winter","Fire / hazards / emergency",40,"Fire weather outlooks",900,"External first; consider Ops/both after QA","EL_003_first_low_risk_add_batch","A/B","MapServer","Use provider landing/product page for user-facing srce; retain REST endpoint in audit metadata.","Audit candidate; EL_003_first_low_risk_add_batch"
"current_catalog","","CDFW ACE Statewide Terrestrial Biodiversity Summary","CDFW","ACE / terrestrial biodiversity","Ecology / habitat / species",50,"ACE / terrestrial biodiversity",10,"external","already in catalog","","feature","https://services2.arcgis.com/Uq9r85Potqm3MfRV/arcgis/rest/services/biosds1331_fpu/FeatureServer/0","CDFW Areas of Conservation Emphasis (ACE) FeatureServer. Current-view loading is recommended for these statewide layers."
"current_catalog","","CDFW ACE Species Biodiversity","CDFW","ACE / species biodiversity","Ecology / habitat / species",50,"ACE / species biodiversity",20,"external","already in catalog","","feature","https://services2.arcgis.com/Uq9r85Potqm3MfRV/arcgis/rest/services/biosds2769_fpu/FeatureServer/0","CDFW Areas of Conservation Emphasis (ACE) FeatureServer. Current-view loading is recommended for these statewide layers."
"current_catalog","","CDFW ACE Terrestrial Rare Species Richness","CDFW","ACE / rare species","Ecology / habitat / species",50,"ACE / rare species",30,"external","already in catalog","","feature","https://services2.arcgis.com/Uq9r85Potqm3MfRV/arcgis/rest/services/biosds1333_fpu/FeatureServer/0","CDFW Areas of Conservation Emphasis (ACE) FeatureServer. Current-view loading is recommended for these statewide layers."
"current_catalog","","CDFW ACE Terrestrial Irreplaceability Summary","CDFW","ACE / irreplaceability","Ecology / habitat / species",50,"ACE / irreplaceability",40,"external","already in catalog","","feature","https://services2.arcgis.com/Uq9r85Potqm3MfRV/arcgis/rest/services/biosds1334_fpu/FeatureServer/0","CDFW Areas of Conservation Emphasis (ACE) FeatureServer. Current-view loading is recommended for these statewide layers."
"current_catalog","","CDFW ACE Aquatic Amphibian Irreplaceability","CDFW","ACE / aquatic biodiversity","Ecology / habitat / species",50,"ACE / aquatic biodiversity",50,"external","already in catalog","","feature","https://services2.arcgis.com/Uq9r85Potqm3MfRV/arcgis/rest/services/biosds2754_fpu/FeatureServer/0","CDFW Areas of Conservation Emphasis (ACE) FeatureServer. Current-view loading is recommended for these statewide layers."
"current_catalog","","CDFW ACE Aquatic Native Amphibian Richness","CDFW","ACE / aquatic biodiversity","Ecology / habitat / species",50,"ACE / aquatic biodiversity",50,"external","already in catalog","","feature","https://services2.arcgis.com/Uq9r85Potqm3MfRV/arcgis/rest/services/biosds2746_fpu/FeatureServer/0","CDFW Areas of Conservation Emphasis (ACE) FeatureServer. Current-view loading is recommended for these statewide layers."
"current_catalog","","CDFW ACE Aquatic Native Species Richness Summary","CDFW","ACE / aquatic biodiversity","Ecology / habitat / species",50,"ACE / aquatic biodiversity",50,"external","already in catalog","","feature","https://services2.arcgis.com/Uq9r85Potqm3MfRV/arcgis/rest/services/biosds2743_fpu/FeatureServer/0","CDFW Areas of Conservation Emphasis (ACE) FeatureServer. Current-view loading is recommended for these statewide layers."
"current_catalog","","CDFW ACE Estuary and Tidal Habitat","CDFW","ACE / wetlands and riparian","Ecology / habitat / species",50,"ACE / wetlands and riparian",60,"external","already in catalog","","feature","https://services2.arcgis.com/Uq9r85Potqm3MfRV/arcgis/rest/services/biosds2860_fpu/FeatureServer/0","CDFW Areas of Conservation Emphasis (ACE) FeatureServer. Current-view loading is recommended for these statewide layers."
"current_catalog","","CDFW ACE Freshwater Wetlands by Watershed","CDFW","ACE / wetlands and riparian","Ecology / habitat / species",50,"ACE / wetlands and riparian",60,"external","already in catalog","","feature","https://services2.arcgis.com/Uq9r85Potqm3MfRV/arcgis/rest/services/biosds2764_fpu/FeatureServer/0","CDFW Areas of Conservation Emphasis (ACE) FeatureServer. Current-view loading is recommended for these statewide layers."
"current_catalog","","CDFW ACE Riparian Habitat by Watershed","CDFW","ACE / wetlands and riparian","Ecology / habitat / species",50,"ACE / wetlands and riparian",60,"external","already in catalog","","feature","https://services2.arcgis.com/Uq9r85Potqm3MfRV/arcgis/rest/services/biosds2758_fpu/FeatureServer/0","CDFW Areas of Conservation Emphasis (ACE) FeatureServer. Current-view loading is recommended for these statewide layers."
"current_catalog","","CDFW ACE Oak Shrublands","CDFW","ACE / vegetation and habitat","Ecology / habitat / species",50,"ACE / vegetation and habitat",70,"external","already in catalog","","feature","https://services2.arcgis.com/Uq9r85Potqm3MfRV/arcgis/rest/services/biosds2863_fpu/FeatureServer/0","CDFW Areas of Conservation Emphasis (ACE) FeatureServer. Current-view loading is recommended for these statewide layers."
"current_catalog","","CDFW ACE Oak Woodlands","CDFW","ACE / vegetation and habitat","Ecology / habitat / species",50,"ACE / vegetation and habitat",70,"external","already in catalog","","feature","https://services2.arcgis.com/Uq9r85Potqm3MfRV/arcgis/rest/services/biosds2723_fpu/FeatureServer/0","CDFW Areas of Conservation Emphasis (ACE) FeatureServer. Current-view loading is recommended for these statewide layers."
"current_catalog","","CDFW ACE Monarch Overwintering Areas","CDFW","ACE / species habitat","Ecology / habitat / species",50,"ACE / species habitat",80,"external","already in catalog","","feature","https://services2.arcgis.com/Uq9r85Potqm3MfRV/arcgis/rest/services/biosds2861_fpu/FeatureServer/0","CDFW Areas of Conservation Emphasis (ACE) FeatureServer. Current-view loading is recommended for these statewide layers."
"current_catalog","","CDFW ACE Terrestrial Climate Vulnerable Species","CDFW","ACE / climate vulnerability","Ecology / habitat / species",50,"ACE / climate vulnerability",90,"external","already in catalog","","feature","https://services2.arcgis.com/Uq9r85Potqm3MfRV/arcgis/rest/services/biosds2701_fpu/FeatureServer/0","CDFW Areas of Conservation Emphasis (ACE) FeatureServer. Current-view loading is recommended for these statewide layers."
"current_catalog","","CDFW ACE Terrestrial Native Game Species","CDFW","ACE / game species","Ecology / habitat / species",50,"ACE / game species",100,"external","already in catalog","","feature","https://services2.arcgis.com/Uq9r85Potqm3MfRV/arcgis/rest/services/biosds2702_fpu/FeatureServer/0","CDFW Areas of Conservation Emphasis (ACE) FeatureServer. Current-view loading is recommended for these statewide layers."
"current_catalog","","CDFW ACE Terrestrial Rare Bird Richness","CDFW","ACE / birds","Ecology / habitat / species",50,"ACE / birds",110,"external","already in catalog","","feature","https://services2.arcgis.com/Uq9r85Potqm3MfRV/arcgis/rest/services/biosds2711_fpu/FeatureServer/0","CDFW Areas of Conservation Emphasis (ACE) FeatureServer. Current-view loading is recommended for these statewide layers."
"current_catalog","","BLM AIM Lotic Indicators","BLM AIM","Monitoring / riparian / aquatic","Ecology / habitat / species",50,"Monitoring / riparian / aquatic",120,"external","already in catalog","","feature","https://gbp-blm-egis.hub.arcgis.com/pages/aim","BLM Assessment, Inventory, and Monitoring (AIM) public FeatureServer. Current-view loading is recommended."
"current_catalog","","BLM AIM Terrestrial Species Indicators","BLM AIM","Monitoring / species indicators","Ecology / habitat / species",50,"Monitoring / species indicators",130,"external","already in catalog","","feature","https://gbp-blm-egis.hub.arcgis.com/pages/aim","BLM Assessment, Inventory, and Monitoring (AIM) public FeatureServer. Current-view loading is recommended."
"current_catalog","","USFWS Final Critical Habitat","USFWS","Threatened / endangered species","Ecology / habitat / species",50,"Threatened / endangered species",140,"external","already in catalog","","feature","https://gis-fws.opendata.arcgis.com/","Final critical habitat features. Large national polygon layer; current-view loading is strongly recommended."
"current_catalog","","USFWS National Wetlands Inventory","USFWS","Wetlands / riparian","Ecology / habitat / species",50,"Wetlands / riparian",150,"external","already in catalog","","feature","https://www.fws.gov/program/national-wetlands-inventory/web-mapping-services","National Wetlands Inventory wetlands/deepwater habitats. Very large national layer; current-view loading is required for practical use."
"current_catalog","","BLM AIM LMF Hub","BLM AIM","Monitoring / terrestrial","BLM / land status / monitoring",60,"Monitoring / terrestrial",10,"external","already in catalog","","feature","https://gbp-blm-egis.hub.arcgis.com/pages/aim","BLM Assessment, Inventory, and Monitoring (AIM) public FeatureServer. Current-view loading is recommended."
"current_catalog","","BLM AIM TerrADat","BLM AIM","Monitoring / terrestrial","BLM / land status / monitoring",60,"Monitoring / terrestrial",10,"external","already in catalog","","feature","https://gbp-blm-egis.hub.arcgis.com/pages/aim","BLM Assessment, Inventory, and Monitoring (AIM) public FeatureServer. Current-view loading is recommended."
"current_catalog","","BLM CA Land Status / Surface Management Agency","BLM GBP","Federal lands / land status","BLM / land status / monitoring",60,"Federal lands / land status",20,"external","already in catalog","","map","https://gbp-blm-egis.hub.arcgis.com/datasets/BLM-EGIS::blm-ca-land-status-surface-management-agency/about","California surface management agency context layer. Treat as surface-management context, not parcel-level ownership."
"current_catalog","","BLM-CA PLSS Aliquots / Sections","BLM California","Cadastral / PLSS","BLM / land status / monitoring",60,"Cadastral / PLSS",30,"external","already in catalog","","map","https://gis.blm.gov/caarcgis/rest/services/lands/BLM_CA_CADNSDI/MapServer/layers","California BLM CADNSDI parent MapServer visual overlay. Preserves official source cartography for PLSS townships, sections, second-division aliquots, special surveys, meandered water, and related CADNSDI layers where scale-dependent layers are visible."
"current_catalog","","BLM National PLSS / CadNSDI","BLM","Cadastral / PLSS","BLM / land status / monitoring",60,"Cadastral / PLSS",30,"external","already in catalog","","map","https://gis.blm.gov/arcgis/rest/services/Cadastral/BLM_Natl_PLSS_CadNSDI/MapServer/layers","National BLM CadNSDI PLSS parent MapServer visual overlay. Preserves official source cartography for townships, sections, and intersected/atomic PLSS detail where scale-dependent layers are visible. Use after zooming into an area of interest."
"candidate_from_random_adds_audit","BLM_RECREATION","BLM CA recreation sites / recreation areas / OHV","BLM California","Recreation / access / water-use impacts","BLM / land status / monitoring",60,"BLM recreation / access",900,"External","EL_003_first_low_risk_add_batch","B/C","FeatureServer","Use provider landing/product page for user-facing srce; retain REST endpoint in audit metadata.","Audit candidate; EL_003_first_low_risk_add_batch"
"current_catalog","","DWR FERC Project Boundaries","DWR / CNRA","Water infrastructure / regulation","Mining / energy / infrastructure",70,"Water infrastructure / regulation",10,"external","already in catalog","","map","https://gis.water.ca.gov/arcgis/rest/services/Boundaries/i03_FERCBoundaries/MapServer","California DWR ArcGIS REST MapServer layer. Use as a visual overlay."
"current_catalog","","DWR Fault Crossings — State Water Project","DWR / CNRA","Geology / infrastructure","Mining / energy / infrastructure",70,"Geology / infrastructure",20,"disabled","already in catalog","","map","https://gis.water.ca.gov/arcgis/rest/services/Geoscientific/i08_FaultCrossings_StateWaterProject/MapServer","California DWR ArcGIS REST MapServer layer. Use as a visual overlay."
"current_catalog","","DWR Local Canals and Aqueducts","DWR / CNRA","Conveyance / infrastructure","Mining / energy / infrastructure",70,"Conveyance / infrastructure",30,"external","already in catalog","","map","https://gis.water.ca.gov/arcgis/rest/services/InlandWaters/i12_Canals_and_Aqueducts_local/MapServer","California DWR ArcGIS REST MapServer layer. Use as a visual overlay."
"current_catalog","","DWR CalSim II Inflow Data Locations","DWR / CNRA","Water operations / CalSim","Mining / energy / infrastructure",70,"Water operations / CalSim",40,"external","already in catalog","","map","https://gis.water.ca.gov/arcgis/rest/services/InlandWaters/i12_CalSimII_InflowData/MapServer","California DWR ArcGIS REST MapServer layer. Use as a visual overlay."
"candidate_from_random_adds_audit","BLM_RENEWABLE_PROJECTS","BLM CA renewable energy projects","BLM eGIS / GeoPlatform","Renewable energy / ROW / cumulative projects","Mining / energy / infrastructure",70,"Energy / transmission / planning",900,"External compact/explore","EL_005_endpoint_discovery_or_defer","B","FeatureServer","Use provider landing/product page for user-facing srce; retain REST endpoint in audit metadata.","Audit candidate; EL_005_endpoint_discovery_or_defer"
"candidate_from_random_adds_audit","DRECP","DRECP / renewable energy zones / conservation designations","CEC / BLM / CDFW / USFWS / Data Basin","Renewable energy / desert / ROW / conservation","Mining / energy / infrastructure",70,"Energy / transmission / planning",900,"External","EL_005_second_wave_service_layers","A/B","FeatureServer","Use provider landing/product page for user-facing srce; retain REST endpoint in audit metadata.","Audit candidate; EL_005_second_wave_service_layers"
"candidate_from_random_adds_audit","SUBSTATIONS","Electric substations","HIFLD / EIA / state source TBD","Infrastructure / energy","Mining / energy / infrastructure",70,"Energy / transmission / planning",900,"External","EL_005_second_wave_service_layers","C/B","FeatureServer","Use provider landing/product page for user-facing srce; retain REST endpoint in audit metadata.","Audit candidate; EL_005_second_wave_service_layers"
"candidate_from_random_adds_audit","TRANSMISSION_LINES","Electric transmission lines","HIFLD / EIA / state source TBD","ROW / energy / fire / infrastructure","Mining / energy / infrastructure",70,"Energy / transmission / planning",900,"External first; consider Ops/both after QA","EL_005_second_wave_service_layers","B","FeatureServer","Use provider landing/product page for user-facing srce; retain REST endpoint in audit metadata.","Audit candidate; EL_005_second_wave_service_layers"
"candidate_from_random_adds_audit","ACTIVE_MINES_SMARA","Active mines / SMARA / DOC mine status","California DOC / Division of Mine Reclamation","Mining / water quality / reclamation","Mining / energy / infrastructure",70,"Mining / abandoned mines",900,"External compact/explore","EL_005_endpoint_discovery_or_defer","B","Other","Use provider landing/product page for user-facing srce; retain REST endpoint in audit metadata.","Audit candidate; EL_005_endpoint_discovery_or_defer"
"candidate_from_random_adds_audit","AML_CA_FEATURES","CA mapped abandoned mine features","California DOC / Division of Mine Reclamation","AML / hazards / water quality","Mining / energy / infrastructure",70,"Mining / abandoned mines",900,"External","EL_003_first_low_risk_add_batch","A","FeatureServer","Use provider landing/product page for user-facing srce; retain REST endpoint in audit metadata.","Audit candidate; EL_003_first_low_risk_add_batch"
"candidate_from_random_adds_audit","AML_PAMP","Principal Areas of Mine Pollution / mine pollution areas","California DOC / Division of Mine Reclamation","AML / water quality","Mining / energy / infrastructure",70,"Mining / abandoned mines",900,"External","EL_006_compact_explore_links","A/B","Other","Use provider landing/product page for user-facing srce; retain REST endpoint in audit metadata.","Audit candidate; EL_006_compact_explore_links"
"candidate_from_random_adds_audit","CALGEM_WELLS","CalGEM oil/gas/geothermal wells, fields, leases, notices, permits","California DOC / CalGEM","Energy / water quality / legacy infrastructure","Mining / energy / infrastructure",70,"Oil / gas / geothermal",900,"External","EL_005_second_wave_service_layers","A/B","MapServer","Use provider landing/product page for user-facing srce; retain REST endpoint in audit metadata.","Audit candidate; EL_005_second_wave_service_layers"
"candidate_from_random_adds_audit","INSAR_SUBSIDENCE","DWR / TRE Altamira InSAR land subsidence","California DWR / CNRA / TRE Altamira","Groundwater / infrastructure","Mining / energy / infrastructure",70,"Subsidence / infrastructure risk",900,"External","EL_006_compact_explore_links","A/B","Other","Use provider landing/product page for user-facing srce; retain REST endpoint in audit metadata.","Audit candidate; EL_006_compact_explore_links"
"candidate_from_random_adds_audit","HIGHWAYS_NHS","Major highways / National Highway System","Caltrans","ROW / access / infrastructure","Transportation / access",80,"Highways",900,"External","EL_003_first_low_risk_add_batch","A/B","FeatureServer","Use provider landing/product page for user-facing srce; retain REST endpoint in audit metadata.","Audit candidate; EL_003_first_low_risk_add_batch"
"candidate_from_random_adds_audit","RAILROADS","Railroads","FRA / BTS / NTAD / Esri service lead","ROW / infrastructure","Transportation / access",80,"Railroads",900,"External","EL_005_second_wave_service_layers","B","FeatureServer","Use provider landing/product page for user-facing srce; retain REST endpoint in audit metadata.","Audit candidate; EL_005_second_wave_service_layers"
"current_catalog","","DWR Hydrologic Regions","DWR / CNRA","Hydrologic boundaries","Administrative / boundaries / planning",90,"Hydrologic boundaries",10,"external","already in catalog","","map","https://gis.water.ca.gov/arcgis/rest/services/Boundaries/i03_Hydrologic_Regions/MapServer","California DWR ArcGIS REST MapServer layer. Use as a visual overlay."
"current_catalog","","DWR IRWM Regions","DWR / CNRA","Planning / water management","Administrative / boundaries / planning",90,"Planning / water management",20,"external","already in catalog","","map","https://gis.water.ca.gov/arcgis/rest/services/Boundaries/i03_IRWM_Regions/MapServer","California DWR ArcGIS REST MapServer layer. Use as a visual overlay."
"current_catalog","","DWR Proposition 1 Funding Areas","DWR / CNRA","Planning / water management","Administrative / boundaries / planning",90,"Planning / water management",20,"external","already in catalog","","map","https://gis.water.ca.gov/arcgis/rest/services/Boundaries/i03_Proposition1_Funding_Areas/MapServer","California DWR ArcGIS REST MapServer layer. Use as a visual overlay."
"current_catalog","","DWR Water Plan Planning Areas","DWR / CNRA","Planning / water management","Administrative / boundaries / planning",90,"Planning / water management",20,"external","already in catalog","","map","https://gis.water.ca.gov/arcgis/rest/services/Boundaries/i03_Water_Plan_Planning_Areas/MapServer","California DWR ArcGIS REST MapServer layer. Use as a visual overlay."
"current_catalog","","DWR Water Districts","DWR / CNRA","Water agencies / districts","Administrative / boundaries / planning",90,"Water agencies / districts",30,"external","already in catalog","","map","https://gis.water.ca.gov/arcgis/rest/services/Boundaries/i03_WaterDistricts/MapServer","California DWR ArcGIS REST MapServer layer. Use as a visual overlay."
"current_catalog","","DWR Water Districts — inspectable features","DWR / CNRA","Water agencies / districts","Administrative / boundaries / planning",90,"Water agencies / districts",30,"external","already in catalog","","feature","https://gis.water.ca.gov/arcgis/rest/services/Boundaries/i03_WaterDistricts/FeatureServer/0","California DWR FeatureServer layer. Current-view loading is recommended for larger statewide layers."
"current_catalog","","RWQCB Boundaries — Water Boards","SWRCB / Water Boards","Administrative / RWQCB","Administrative / boundaries / planning",90,"Administrative / RWQCB",40,"external","already in catalog","","map","https://gispublic.waterboards.ca.gov/portalserver/rest/services/GAMA/Reference_Boundaries/MapServer","Regional Water Quality Control Board boundaries from Water Boards GAMA reference-boundaries service."
"current_catalog","","BIA Tribal Lands / AIAN-LAR","BIA / DOI","Tribal lands / BIA","Administrative / boundaries / planning",90,"Tribal lands / BIA",50,"external","already in catalog","","feature","https://services9.arcgis.com/2Gsi9RRor9I3ryL1/ArcGIS/rest/services/Tribal_Lands/FeatureServer/layers","BIA American Indian and Alaska Native Land Area Representation (AIAN-LAR), 7 Western States layer. Shows exterior land-area representation polygons for federal Indian reservations and associated trust/restricted/mixed-ownership and related land-area types."
"candidate_from_random_adds_audit","SWPC_AURORA","SWPC aurora 30-minute forecast","NOAA / Space Weather Prediction Center","Space weather / novelty / broad awareness","Explore / experimental",99,"Space weather links",900,"External compact/explore","EL_005_endpoint_discovery_or_defer","C/link","Other","Use provider landing/product page for user-facing srce; retain REST endpoint in audit metadata.","Audit candidate; EL_005_endpoint_discovery_or_defer"
"candidate_from_random_adds_audit","SWPC_SPACE","SWPC space-weather alerts, watches, warnings, K-index","NOAA / Space Weather Prediction Center","NOAA / infrastructure / communications","Explore / experimental",99,"Space weather links",900,"External compact/explore","EL_005_endpoint_discovery_or_defer","C/link","API","Use provider landing/product page for user-facing srce; retain REST endpoint in audit metadata.","Audit candidate; EL_005_endpoint_discovery_or_defer"
