"facility_id","canonical_name","lbl","lbl_full","aliases","parent_system","project_family","project_name","project_division","project_unit","project_subunit","project_path","ownership_class","owner_agency","operator_agency","facility_group","facility_type","network_role","display_rank","display_rank_source","display_rank_reason","status","length_mi","segment_count","geometry_confidence","decision_ids","facility_crosses_blm","facility_length_on_blm_mi","facility_min_blm_distance_mi","facility_blm_field_offices"
"CVY_00049B8E","KLAMATH CENTER CANAL","KLAMATH CENTER CANAL","KLAMATH CENTER CANAL","","","Other Reclamation","Klamath Project","","","","","Federal","","US Bureau of Reclamation","Open conveyance","Canal","Unknown","local_supporting","automatic","Automatic standard/local rank.","unknown",4.02644789979883,1,"medium","UNREVIEWED",FALSE,0,5.571162024475,
"CVY_001F8FA8","Herndon Canal","Herndon Canal","Herndon Canal","","","Local/regional public","Fresno Irrigation District","","","","","Local/regional public","","Fresno Irrigation District","Open conveyance","Canal","Unknown","medium","automatic","Automatic medium rank from mapped length or facility type.","unknown",24.187690863592,2,"medium","UNREVIEWED",FALSE,0,11.5451616211167,
"CVY_004C73AE","'Upper' Gold Hill Canal (Orr Creek)","'Upper' Gold Hill Canal","'Upper' Gold Hill Canal (Orr Creek)","","","Unknown/unassigned","Unassigned","","","","","Unknown","NID","","Distribution/local","Ditch","Distribution","local_supporting","automatic","Automatic standard/local rank.","unknown",1.32808467990405,1,"medium","UNREVIEWED",FALSE,0,3.54270237791896,
"CVY_0092AF31","Intertie","Intertie","Intertie","","","Unknown/unassigned","Unassigned","","","","","Unknown","","","Closed conveyance","Intertie","Unknown","medium","automatic","Automatic medium rank from mapped length or facility type.","unknown",4.51489081543659,2,"medium","UNREVIEWED",FALSE,0,2.41050885156892,
"CVY_0167BFA9","San Luis Drain","San Luis Drain","San Luis Drain","","San Luis-area conveyance network","CVP","Central Valley Project","West San Joaquin Division","San Luis Unit","San Luis Drain","West San Joaquin Division > San Luis Unit > San Luis Drain","Federal","","US Bureau of Reclamation; Federal","Drainage","Drain","Drainage; Distribution","medium","automatic","Automatic medium rank from mapped length or facility type.","unknown",98.3887252960956,2,"medium","UNREVIEWED; 20",FALSE,0,0.945047729752796,
"CVY_01A703CC","Proposed Watsonville Canal","Proposed Watsonville Canal","Proposed Watsonville Canal","","","Unknown/unassigned","Unassigned","","","","","Federal","","Federal","Open conveyance","Canal","Unknown","medium","automatic","Automatic medium rank from mapped length or facility type.","unknown",22.3933059207477,1,"medium","UNREVIEWED",FALSE,0,7.3867443530244,
"CVY_01E6DCF2","KLAMATH C CANAL","KLAMATH C CANAL","KLAMATH C CANAL","","","Other Reclamation","Klamath Project","","","","","Federal","","US Bureau of Reclamation","Open conveyance","Canal","Unknown","medium","automatic","Automatic medium rank from mapped length or facility type.","unknown",43.6508228563702,3,"medium","UNREVIEWED",FALSE,0,0.112762228149158,
"CVY_01F93789","West Branch California Aqueduct","West Branch","West Branch California Aqueduct","California Aqueduct – West Branch; West Branch","California Aqueduct / State Water Project","SWP","State Water Project","California Aqueduct","West Branch","","California Aqueduct > West Branch","California state","","State Water Project; State","Closed conveyance; Open conveyance","Pipeline; Aqueduct","Branch","statewide_major","reviewed_system_rule","California Aqueduct East/West Branch system rule: keep all mapped branch pieces at one statewide-major width.","unknown",34.5009341786081,6,"high","A85",FALSE,0,0.365088268827934,
"CVY_023742FB","Bypass Spill Channel","Bypass Spill Channel","Bypass Spill Channel","","","Unknown/unassigned","Unassigned","","","","","Unknown","PCWA","","Other/unknown","Unknown","Unknown","local_supporting","automatic","Automatic standard/local rank.","unknown",0.186236478789208,2,"medium","UNREVIEWED",FALSE,0,3.86120736373679,
"CVY_02BE0F98","West Branch Lakeland Canal","West Branch Lakeland Canal","West Branch Lakeland Canal","","","Unknown/unassigned","Unassigned","","","","","Unknown","","Kings River Water Association","Open conveyance","Canal","Branch","local_supporting","automatic","Automatic standard/local rank.","unknown",3.35249896235792,1,"medium","UNREVIEWED",FALSE,0,8.0278161644308,
"CVY_02C0B6D8","PUTAH SOUTH CANAL GREEN VALLEY CONDUIT","PUTAH SOUTH CANAL GREEN VALLEY CONDUIT","PUTAH SOUTH CANAL GREEN VALLEY CONDUIT","","","Other Reclamation","Solano Project","","Putah South Canal system","","Putah South Canal system","Federal","","US Bureau of Reclamation","Closed conveyance","Pipeline","Unknown","local_supporting","automatic","Automatic standard/local rank.","unknown",2.22310313151039,1,"medium","UNREVIEWED",FALSE,0,13.9109359229811,
"CVY_031FE24C","ALL AMERICAN CANAL NEW RIVER SIPHON","ALL AMERICAN CANAL NEW RIVER SIPHON","ALL AMERICAN CANAL NEW RIVER SIPHON","","","Other Reclamation","Boulder Canyon Project","","All-American Canal system","","All-American Canal system","Federal","","US Bureau of Reclamation","Closed conveyance","Siphon","Unknown","local_supporting","automatic","Automatic standard/local rank.","unknown",0.095750504786825,1,"medium","UNREVIEWED",FALSE,0,1.21970087660803,
"CVY_03678E60","Stallman Canal","Stallman Canal","Stallman Canal","","","Unknown/unassigned","Unassigned","","","","","Unknown","PCWA","","Open conveyance","Canal","Unknown","local_supporting","automatic","Automatic standard/local rank.","unknown",0.32175967099197,2,"medium","UNREVIEWED",FALSE,0,3.92321123303892,
"CVY_039DD70F","Lincoln Canal","Lincoln Canal","Lincoln Canal","","","Unknown/unassigned","Unassigned","","","","","Unknown","NID","","Open conveyance","Canal","Unknown","local_supporting","automatic","Automatic standard/local rank.","unknown",5.54156560140277,1,"medium","UNREVIEWED",FALSE,0,3.5037454154047,
"CVY_03A29A2E","Anderson Cottonwood Irrigation District Canal","Anderson Cottonwood Irrigation District Canal","Anderson Cottonwood Irrigation District Canal","","","Local/regional public","Anderson-Cottonwood Irrigation District","","","","","Local/regional public","","Anderson-Cottonwood Irrigation District","Open conveyance","Canal","Unknown","local_supporting","automatic","Automatic standard/local rank.","unknown",6.78458810442976,1,"medium","UNREVIEWED",FALSE,0,0.0809862616872228,
"CVY_03AE5904","Riego","Riego","Riego","","","Unknown/unassigned","Unassigned","","","","","Unknown","","","Other/unknown","Unknown","Unknown","local_supporting","automatic","Automatic standard/local rank.","unknown",1.48484214700305,2,"medium","UNREVIEWED",FALSE,0,18.0304319731399,
"CVY_03DDB527","Westlands Water District Lateral 4-5.5","WWD Lateral 4-5.5","Westlands Water District Lateral 4-5.5","WWD Lateral 4-5.5","Westlands Water District conveyance system","Local/regional public","Westlands Water District conveyance system","","","","","Local/regional public","","Westlands Water District","Distribution/local","Lateral","Distribution","local_supporting","automatic","Automatic standard/local rank.","unknown",6.50367790578038,1,"high","A14",FALSE,0,3.85091101395138,
"CVY_03E6A686","Alejandro Canal","Alejandro Canal","Alejandro Canal","","","Unknown/unassigned","Unassigned","","","","","Unknown","","North Kern Water Storage District","Open conveyance","Canal","Unknown","local_supporting","automatic","Automatic standard/local rank.","unknown",5.93482023460314,2,"medium","UNREVIEWED",FALSE,0,4.49684860312975,
"CVY_03EECDC1","Bay Division Pipelines (SFPUC segment; pipeline numbers unresolved)","SFPUC Bay Division Pipelines","Bay Division Pipelines (SFPUC segment; pipeline numbers unresolved)","SFPUC Bay Division Pipelines; Hetch Hetchy Regional Water System pipeline","Hetch Hetchy Regional Water System","Local/regional public","Hetch Hetchy Regional Water System","","Bay Division Pipelines","","Bay Division Pipelines","Local/regional public","","","Closed conveyance","Pipeline","Unknown","medium","automatic","Automatic medium rank from mapped length or facility type.","unknown",32.55181644486,1,"medium","31",FALSE,0,10.011405351273,
"CVY_03EF0B1D","Stahl Ditch","Stahl Ditch","Stahl Ditch","","","Unknown/unassigned","Unassigned","","","","","Unknown","","","Distribution/local","Ditch","Distribution","local_supporting","automatic","Automatic standard/local rank.","unknown",4.40547638740849,2,"medium","UNREVIEWED",FALSE,0,1.98045559030015,
"CVY_040635D8","Spangler South","Spangler South","Spangler South","","","Unknown/unassigned","Unassigned","","","","","Unknown","","","Other/unknown","Unknown","Unknown","local_supporting","automatic","Automatic standard/local rank.","unknown",1.17486361374081,2,"medium","UNREVIEWED",FALSE,0,21.6175328686635,
"CVY_0438E8F2","Adams West Canal","Adams West Canal","Adams West Canal","","","Unknown/unassigned","Unassigned","","","","","Unknown","","","Open conveyance","Canal","Unknown","medium","automatic","Automatic medium rank from mapped length or facility type.","unknown",13.0020636524873,1,"medium","UNREVIEWED",FALSE,0,3.61263166434422,
"CVY_043B4F94","El Centro","El Centro","El Centro","","","Unknown/unassigned","Unassigned","","","","","Unknown","","","Other/unknown","Unknown","Unknown","local_supporting","automatic","Automatic standard/local rank.","unknown",1.25607412111132,1,"medium","UNREVIEWED",FALSE,0,16.1966873006584,
"CVY_048110EF","South San Joaquin Main Canal","Main District Canal","South San Joaquin Main Canal","Main District Canal","South San Joaquin Irrigation District system","Local/regional public","South San Joaquin Irrigation District system","","","","","Local/regional public","","","Open conveyance","Canal","Mainline","medium","automatic","Automatic medium rank from mapped length or facility type.","unknown",16.7592558071221,1,"high","23",FALSE,0,1.92733265425881,
"CVY_04CF4069","Shafter-Wasco Irrigation District Lateral","Shafter Wasco ID Lateral","Shafter-Wasco Irrigation District Lateral","Shafter Wasco ID Lateral","Shafter-Wasco Irrigation District conveyance system","Local/regional public","Shafter-Wasco Irrigation District conveyance system","","","","","Local/regional public","","Shafter Wasco Irrigation District","Distribution/local","Lateral","Distribution","local_supporting","automatic","Automatic standard/local rank.","unknown",5.31804802474763,1,"medium","A57",FALSE,0,8.32903913050196,
"CVY_04D47F32","Consolidated Peoples Ditch","Consolidated Peoples Ditch","Consolidated Peoples Ditch","","","Unknown/unassigned","Unassigned","","","","","Unknown","","Kaweah Delta WCD","Distribution/local","Ditch","Distribution","local_supporting","automatic","Automatic standard/local rank.","unknown",2.30159808447323,1,"medium","UNREVIEWED",FALSE,0,4.93207925204339,
"CVY_04E8ED29","Dry Creek Canal","Dry Creek Canal","Dry Creek Canal","","","Local/regional public","Fresno Irrigation District","","","","","Local/regional public","","Fresno Irrigation District","Open conveyance","Canal","Unknown","medium","automatic","Automatic medium rank from mapped length or facility type.","unknown",21.6081037830975,1,"medium","UNREVIEWED",FALSE,0,18.7594810344506,
"CVY_05028EEA","CHOWCHILLA BYPASS","CHOWCHILLA BYPASS","CHOWCHILLA BYPASS","","","Other Reclamation","Reclamation project (unit unassigned)","","","","","Federal","","US Bureau of Reclamation","Open conveyance","Canal","Unknown","medium","automatic","Automatic medium rank from mapped length or facility type.","unknown",21.7566448042285,1,"medium","UNREVIEWED",FALSE,0,3.2099230106703,
"CVY_053D77D4","South Fork Power Tunnel","South Fork Power Tunnel","South Fork Power Tunnel","","","Unknown/unassigned","Unassigned","","","","","Unknown","","","Closed conveyance","Tunnel","Unknown","medium","automatic","Automatic medium rank from mapped length or facility type.","unknown",2.70168492710188,1,"medium","UNREVIEWED",FALSE,0,1.88201167105898,
"CVY_0555A924","MARIPOSA BYPASS","MARIPOSA BYPASS","MARIPOSA BYPASS","","","Other Reclamation","Reclamation project (unit unassigned)","","","","","Federal","","US Bureau of Reclamation","Open conveyance","Canal","Unknown","local_supporting","automatic","Automatic standard/local rank.","unknown",4.37838723352595,1,"medium","UNREVIEWED",FALSE,0,21.9671279428629,
