"candidate_id","title","provider","theme","input_batch","desire","strength","custom","ease","link_only_input","likely_panel_input","ui_tier_input","service_type","service_root_url","exact_layer_urls","layer_ids_to_add","layer_names_to_add","root_probe_ok","root_probe_error","root_layer_count","geometry_or_raster_type","spatial_reference","extent","time_enabled","query_supported","geojson_or_pbf_supported","legend_supported","token_required","existing_catalog_match","recommended_implementation_path","recommended_panel","recommended_ui_tier","recommended_label","score","recommended_patch_bucket","mandatory_caveats","performance_notes","source_link_plan","legend_plan","scale_visibility_plan","reject_or_defer_reason"
"NOHRSC_SNOW","NOHRSC snow analysis — snow depth and SWE","NOAA / NWS / NOHRSC","Snow / water supply","Batch 1",4.5,5,4,4.5,"No","Ops Live / Snow","A","MapServer","https://mapservices.weather.noaa.gov/raster/rest/services/snow/NOHRSC_Snow_Analysis/MapServer","https://mapservices.weather.noaa.gov/raster/rest/services/snow/NOHRSC_Snow_Analysis/MapServer/0 ; https://mapservices.weather.noaa.gov/raster/rest/services/snow/NOHRSC_Snow_Analysis/MapServer/3 ; https://mapservices.weather.noaa.gov/raster/rest/services/snow/NOHRSC_Snow_Analysis/MapServer/4 ; https://mapservices.weather.noaa.gov/raster/rest/services/snow/NOHRSC_Snow_Analysis/MapServer/7","0,3,4,7","Snow Depth | Boundary | Footprint | Image | Snow Water Equivalent | Boundary | Footprint | Image","TRUE","",8,"Mosaic Layer; Raster Layer","4269","-130.5167, 24.1, -62.25, 58.2333","FALSE","TRUE","TRUE","TRUE","FALSE","","direct_arcgis","External first; consider Ops/both after QA","A","NOHRSC snow analysis — snow depth and SWE | NOAA / NWS / NOHRSC",25.85,"EL_003_first_low_risk_add_batch","Modeled/gridded snow product; complements but does not replace station observations.","Use current-view/min-zoom or raster export guardrails for first map add.","Use provider landing/product page for user-facing srce; retain REST endpoint in audit metadata.","Use ArcGIS legend endpoint or provider legend if clearer.","Prefer current-view and/or min-zoom guardrails for first add; avoid full-state heavy loads.",""
"SPC_FIREWX","SPC fire weather outlooks","NOAA / NWS / Storm Prediction Center","Fire / wind / forecast","Batch 1",4.5,5,4,4.5,"No","Fire / Forecasts","A/B","MapServer","https://mapservices.weather.noaa.gov/vector/rest/services/fire_weather/SPC_firewx/MapServer","","0,1,2,3,4,5,6,7,8,9,10,11,12,13,14,15,16,17,18,19,20,21,22,23","Day 1 Fire Weather Outlook | Day 1 Outlook | Day 1 Outlook Dry Thunderstorm | Day 2 Fire Weather Outlook | Day 2 Outlook | Day 2 Outlook Dry Thunderstorm | Day 3 Fire Weather Outlook | Day 3 Dry Thunderstorm | Day 3 Winds and Low Humidity | Day 4 Fire Weather Outlook | Day 4 Dry Thunderstorm | Day 4 Winds and Low Humidity | Day 5 Fire Weather Outlook | Day 5 Dry Thunderstorm | Day 5 Winds and Low Humidity | Day 6 Fire Weather Outlook | Day 6 Dry Thunderstorm | Day 6 Winds and Low Humidity | Day 7 Fire Weather Outlook | Day 7 Dry Thunderstorm | Day 7 Winds and Low Humidity | Day 8 Fire Weather Outlook | Day 8 Dry Thunderstorm | Day 8 Winds and Low Humidity","TRUE","",24,"Group Layer; esriGeometryPolygon","3857","-13868182.163, 2876972.949, -7469537.8322, 6369492.1795 | -13710108.4861, 2876972.949, -7469537.8322, 6369492.1795 | -13868182.163, 3596438.9528, -10412825.1688, 6313466.6872 | -13868182.163, 3563876.4865, -10279241.7799, 6313466.6872 | -13864842.5783, 2878201.3737, -8476979.2239, 6309238.9256 | -13864842.5783, 3660051.777, -10914430.7943, 6309238.9256 | -13686731.393, 2878201.3737, -8476979.2239, 6307162.1271 | -13766881.4264, 2888032.3783, -8476979.2239, 6307162.1271","FALSE","TRUE","TRUE","TRUE","FALSE","","direct_arcgis","External first; consider Ops/both after QA","A/B","SPC fire weather outlooks | NOAA / NWS / Storm Prediction Center",25.85,"EL_003_first_low_risk_add_batch","Forecast/outlook/discussion polygons; not warnings, incidents, or observed conditions.","Service has 24 sublayers; add only selected IDs. Use current-view/min-zoom or raster export guardrails for first map add. Only first 10 layer details probed; inspect remaining layers before patching.","Use provider landing/product page for user-facing srce; retain REST endpoint in audit metadata.","Use ArcGIS legend endpoint or provider legend if clearer.","Prefer current-view and/or min-zoom guardrails for first add; avoid full-state heavy loads.",""
"CA_GDE_NCCAG","California NCCAG / groundwater-dependent ecosystems / iGDE","California DWR","Groundwater / ecology / springs / wetlands","Batch 1",5,4.5,4,4,"No","Groundwater / Biota / Hydro Screening","A","MapServer","https://gis.water.ca.gov/arcgis/rest/services/Biota/i02_NaturalCommunitiesCommonlyAssociatedWithGroundwater/MapServer","https://gis.water.ca.gov/arcgis/rest/services/Biota/i02_NaturalCommunitiesCommonlyAssociatedWithGroundwater/MapServer/0 ; https://gis.water.ca.gov/arcgis/rest/services/Biota/i02_NaturalCommunitiesCommonlyAssociatedWithGroundwater/MapServer/1","0,1","","FALSE","ArcGIS error 500 Service Biota/i02_NaturalCommunitiesCommonlyAssociatedWithGroundwater/MapServer not started  ",,"Polygon","","","","","","FALSE","FALSE","","direct_arcgis","External","A","California NCCAG / groundwater-dependent ecosystems / iGDE",25.67,"EL_003_first_low_risk_add_batch","Screening/start-point layer only; not a field-verified GDE determination.","Use current-view/min-zoom or raster export guardrails for first map add.","Use provider landing/product page for user-facing srce; retain REST endpoint in audit metadata.","Likely supports ArcGIS legend; verify visually before adding row-level lgnd.","Prefer current-view and/or min-zoom guardrails for first add; avoid full-state heavy loads.",""
"AML_CA_FEATURES","CA mapped abandoned mine features","California DOC / Division of Mine Reclamation","AML / hazards / water quality","Batch 1",5,4.5,3.5,4,"No","External or Hazards/Water Quality","A","FeatureServer","https://services2.arcgis.com/zr3KAIbsRSUyARHG/ArcGIS/rest/services/Mapped_Abandoned_Mine_Features/FeatureServer","https://services2.arcgis.com/zr3KAIbsRSUyARHG/ArcGIS/rest/services/Mapped_Abandoned_Mine_Features/FeatureServer/0","0","MappedAbandonedMineFeaturesWGS84","TRUE","",1,"esriGeometryPoint","4326","-124.3705, 32.542, -114.1526, 42.0056","FALSE","TRUE","TRUE","FALSE","FALSE","","direct_arcgis","External","A","CA mapped abandoned mine features | California DOC / Division of Mine Reclamation",25.12,"EL_003_first_low_risk_add_batch","Locations may be generalized/obfuscated and incomplete; screening only, not a site-specific inventory.","","Use provider landing/product page for user-facing srce; retain REST endpoint in audit metadata.","Likely supports ArcGIS legend; verify visually before adding row-level lgnd.","Likely OK as current-view or full load after response-size check.",""
"SPC_MESO_DISC","SPC mesoscale discussions","NOAA / NWS / Storm Prediction Center","Active weather / severe / fire-wind / winter","Batch 1",4,4.5,4,4.5,"Maybe","Forecasts / Active Weather","A/B","MapServer","https://mapservices.weather.noaa.gov/vector/rest/services/outlooks/spc_mesoscale_discussion/MapServer","","0","SPC Mesoscale Discussion","TRUE","",1,"esriGeometryPolygon","4326","-126, 0, -66.1, 50.16","FALSE","TRUE","TRUE","TRUE","FALSE","","direct_arcgis","External first; consider Ops/both after QA","A/B","SPC mesoscale discussions | NOAA / NWS / Storm Prediction Center",24.22,"EL_003_first_low_risk_add_batch","Forecast/outlook/discussion polygons; not warnings, incidents, or observed conditions.","Use current-view/min-zoom or raster export guardrails for first map add.","Use provider landing/product page for user-facing srce; retain REST endpoint in audit metadata.","Use ArcGIS legend endpoint or provider legend if clearer.","Prefer current-view and/or min-zoom guardrails for first add; avoid full-state heavy loads.",""
"HIGHWAYS_NHS","Major highways / National Highway System","Caltrans","ROW / access / infrastructure","Batch 1",4,4.5,4,4,"No","ROW / Access / Infrastructure","A/B","FeatureServer","https://caltrans-gis.dot.ca.gov/arcgis/rest/services/CHhighway/National_Highway_System/FeatureServer","","0","NHS","TRUE","",1,"esriGeometryPolyline","3857","-13828647.0809, 3834973.342, -12744726.7914, 5161799.8976","FALSE","TRUE","TRUE","TRUE","FALSE","","direct_arcgis","External","A/B","Major highways / National Highway System | Caltrans",23.67,"EL_003_first_low_risk_add_batch","","","Use provider landing/product page for user-facing srce; retain REST endpoint in audit metadata.","Use ArcGIS legend endpoint or provider legend if clearer.","Prefer current-view and/or min-zoom guardrails for first add; avoid full-state heavy loads.",""
"BLM_RECREATION","BLM CA recreation sites / recreation areas / OHV","BLM California","Recreation / access / water-use impacts","Batch 1",3.5,4.5,4,4.5,"No","BLM / Recreation / Access","B/C","FeatureServer","https://gis.blm.gov/caarcgis/rest/services/Recreation/BLM_CA_RECS/FeatureServer","https://gis.blm.gov/caarcgis/rest/services/Recreation/BLM_CA_RECS/FeatureServer/0 ; https://gis.blm.gov/caarcgis/rest/services/Recreation/BLM_CA_RECS/FeatureServer/1","0,1","BLM CA Recreation Points | BLM CA Recreation Polygons","TRUE","",2,"esriGeometryPoint; esriGeometryPolygon","3310","-370191.891, -576883.8236, 522696.6724, 445136.5077 | -267421.2756, -591399.2446, 531772.8666, 316403.3218","FALSE","TRUE","TRUE","FALSE","FALSE","","direct_arcgis","External","B/C","BLM CA recreation sites / recreation areas / OHV | BLM California",23.22,"EL_003_first_low_risk_add_batch","","Use current-view/min-zoom or raster export guardrails for first map add.","Use provider landing/product page for user-facing srce; retain REST endpoint in audit metadata.","Likely supports ArcGIS legend; verify visually before adding row-level lgnd.","Prefer current-view and/or min-zoom guardrails for first add; avoid full-state heavy loads.",""
"BETTER_WIND_OBS","Better wind — NOAA surface observations / MADIS wind barbs","NOAA / NWS / MADIS","Wind observations","Batch 1",4,4,3.5,4,"No","Obs / Wind","A","MapServer","https://mapservices.weather.noaa.gov/vector/rest/services/obs/surface_obs/MapServer","","","","TRUE","",21,"Point/barbs","4326","-129.7481, 7.5746, -62.2946, 64.2612","","TRUE","TRUE","TRUE","FALSE","","direct_arcgis","External","A","Better wind — NOAA surface observations / MADIS wind barbs",22.5,"EL_003_or_EL_004_after_review","","Service has 21 sublayers; add only selected IDs.","Use provider landing/product page for user-facing srce; retain REST endpoint in audit metadata.","Use ArcGIS legend endpoint or provider legend if clearer.","Likely OK as current-view or full load after response-size check.",""
"IMPAIRED_WATERS","303(d) / 305(b) impaired waters / TMDL context","California State Water Resources Control Board","Water quality","Batch 1",5,4.5,4,4,"No","Water Quality","A","MapServer","https://gispublic.waterboards.ca.gov/arcgis/rest/services/Water_Quality/Impaired_waters/MapServer","","","","TRUE","",,"Mixed point/line/polygon or line/polygon","","","","","","TRUE","FALSE","SWRCB Impaired Waters / Integrated Report [Water quality / impaired waters]","audit_existing_catalog_row","keep existing panel; audit External/Ops duplication","A","303(d) / 305(b) impaired waters / TMDL context",24.17,"EL_004_existing_row_upgrades","Verify current Integrated Report/listing cycle and layer currency before relying on status.","Use current-view/min-zoom or raster export guardrails for first map add.","Use provider landing/product page for user-facing srce; retain REST endpoint in audit metadata.","Use ArcGIS legend endpoint or provider legend if clearer.","Prefer current-view and/or min-zoom guardrails for first add; avoid full-state heavy loads.",""
"NWM_SOIL_MOISTURE","NOAA National Water Model Land Analysis near-surface soil moisture saturation","NOAA / NWS / Office of Water Prediction","Soil moisture / current wetness","Batch 1",4,4.5,3.5,5,"No","Ops Live / Soil Moisture","A/B","MapServer","https://mapservices.weather.noaa.gov/raster/rest/services/obs/NWM_Land_Analysis/MapServer","https://mapservices.weather.noaa.gov/raster/rest/services/obs/NWM_Land_Analysis/MapServer/0 ; https://mapservices.weather.noaa.gov/raster/rest/services/obs/NWM_Land_Analysis/MapServer/3","0,3","CONUS Near-Surface Soil Moisture (% saturation)  | Boundary | Footprint | Image | Hawaii Near-Surface Soil Moisture (% saturation) | Boundary | Footprint | Image | Puerto Rico Near-Surface Soil Moisture (% saturation)  | Boundary | Footprint | Image | Alaska Near-Surface Soil Moisture (% saturation) | Boundary | Footprint | Image","TRUE","",16,"Mosaic Layer; Raster Layer","3857","-17848000, 1991000, -6734000, 9416000","FALSE","TRUE","TRUE","TRUE","FALSE","NWM Streamflow Analysis (cfs) [Streamflow / modeled flow]","audit_existing_catalog_row","keep existing panel; audit External/Ops duplication","A/B","NOAA National Water Model Land Analysis near-surface soil moisture saturation | NOAA / NWS / Office of Water Prediction",22.73,"EL_004_existing_row_upgrades","Current/model wetness or saturation context; not a station observation or percentile/anomaly unless explicitly documented.","Service has 16 sublayers; add only selected IDs. Use current-view/min-zoom or raster export guardrails for first map add.","Use provider landing/product page for user-facing srce; retain REST endpoint in audit metadata.","Use ArcGIS legend endpoint or provider legend if clearer.","Prefer current-view and/or min-zoom guardrails for first add; avoid full-state heavy loads.",""
"BLM_RENEWABLE_PROJECTS","BLM CA renewable energy projects","BLM eGIS / GeoPlatform","Renewable energy / ROW / cumulative projects","Batch 2",4,4,3.5,3.5,"No/Maybe","Renewable Energy / ROW","B","FeatureServer","","","","","","",,"Point/polygon","","","","","","","","","endpoint_discovery_or_link_only","External compact/explore","B","BLM CA renewable energy projects",21.95,"EL_005_endpoint_discovery_or_defer","","Use current-view/min-zoom or raster export guardrails for first map add.","Use provider landing/product page for user-facing srce; retain REST endpoint in audit metadata.","No row-level legend until layer rendering is confirmed.","Prefer current-view and/or min-zoom guardrails for first add; avoid full-state heavy loads.","Endpoint discovery needed before map-layer add; can remain compact/link-only meanwhile."
"ACTIVE_MINES_SMARA","Active mines / SMARA / DOC mine status","California DOC / Division of Mine Reclamation","Mining / water quality / reclamation","Batch 2",4,4,3.5,3.5,"No/Maybe","Mining / Water Quality","B","Other","","","","","","",,"Point/polygon","","","","","","","","","endpoint_discovery_or_link_only","External compact/explore","B","Active mines / SMARA / DOC mine status",20.7,"EL_005_endpoint_discovery_or_defer","","Use current-view/min-zoom or raster export guardrails for first map add.","Use provider landing/product page for user-facing srce; retain REST endpoint in audit metadata.","No row-level legend until layer rendering is confirmed.","Prefer current-view and/or min-zoom guardrails for first add; avoid full-state heavy loads.","Endpoint discovery needed before map-layer add; can remain compact/link-only meanwhile."
"CPC_WEEK34","CPC Week 3–4 outlooks","NOAA / NWS / CPC","Climate outlook","Batch 3",3.5,4,3,3.5,"Maybe","Climate Outlooks","B/C","Other","","","","","","",,"Raster/polygon outlook","","","","","","","","","endpoint_discovery_or_link_only","External compact/explore","B/C","CPC Week 3–4 outlooks",19.15,"EL_005_endpoint_discovery_or_defer","","Use current-view/min-zoom or raster export guardrails for first map add.","Use provider landing/product page for user-facing srce; retain REST endpoint in audit metadata.","No row-level legend until layer rendering is confirmed.","Prefer current-view and/or min-zoom guardrails for first add; avoid full-state heavy loads.","Endpoint discovery needed before map-layer add; can remain compact/link-only meanwhile."
"CPC_MONTH_SEASON","CPC monthly / seasonal outlooks","NOAA / NWS / CPC","Climate outlook","Batch 3",3,4,3,3.5,"Maybe","Climate Outlooks","C","Other","","","","","","",,"Raster/polygon outlook","","","","","","","","","endpoint_discovery_or_link_only","External compact/explore","C","CPC monthly / seasonal outlooks",18.15,"EL_005_endpoint_discovery_or_defer","","Use current-view/min-zoom or raster export guardrails for first map add.","Use provider landing/product page for user-facing srce; retain REST endpoint in audit metadata.","No row-level legend until layer rendering is confirmed.","Prefer current-view and/or min-zoom guardrails for first add; avoid full-state heavy loads.","Endpoint discovery needed before map-layer add; can remain compact/link-only meanwhile."
"SWPC_SPACE","SWPC space-weather alerts, watches, warnings, K-index","NOAA / Space Weather Prediction Center","NOAA / infrastructure / communications","Batch 3",2.5,4,2,2.5,"Yes/Maybe","NOAA Explore / Infrastructure Link","C/link","API","","","","","","",,"Non-map/status","","","","","","","","","endpoint_discovery_or_link_only","External compact/explore","C/link","SWPC space-weather alerts, watches, warnings, K-index",14.95,"EL_005_endpoint_discovery_or_defer","","","Use provider landing/product page for user-facing srce; retain REST endpoint in audit metadata.","No row-level legend until layer rendering is confirmed.","Decide after service/layer count and extent are verified.","Endpoint discovery needed before map-layer add; can remain compact/link-only meanwhile."
"SWPC_AURORA","SWPC aurora 30-minute forecast","NOAA / Space Weather Prediction Center","Space weather / novelty / broad awareness","Batch 3",2,3.5,2.5,2.5,"Yes/Maybe","NOAA Explore","C/link","Other","","","","","","",,"Raster/forecast image","","","","","","","","","endpoint_discovery_or_link_only","External compact/explore","C/link","SWPC aurora 30-minute forecast",13.88,"EL_005_endpoint_discovery_or_defer","","Use current-view/min-zoom or raster export guardrails for first map add.","Use provider landing/product page for user-facing srce; retain REST endpoint in audit metadata.","No row-level legend until layer rendering is confirmed.","Prefer current-view and/or min-zoom guardrails for first add; avoid full-state heavy loads.","Endpoint discovery needed before map-layer add; can remain compact/link-only meanwhile."
"CALGEM_WELLS","CalGEM oil/gas/geothermal wells, fields, leases, notices, permits","California DOC / CalGEM","Energy / water quality / legacy infrastructure","Batch 2",4.5,4.5,4,4,"No","Energy / Water Quality / Infrastructure","A/B","MapServer","https://gis.conservation.ca.gov/server/rest/services/WellSTAR/Notices/MapServer","https://gis.conservation.ca.gov/server/rest/services/WellSTAR/Notices/MapServer/0 ; https://gis.conservation.ca.gov/server/rest/services/WellSTAR/Notices/MapServer/1 ; https://gis.conservation.ca.gov/server/rest/services/WellSTAR/Notices/MapServer/3","0,1,3,5,6,7","Submitted Notice of Intention | Approved Notice of Intention/Permit | Well Stimulation Permit | Well Stimulation Permit | Well Stimulation Permit By Type | Hydraulic Fracturing | Acid Fracturing | Acid Matrix","TRUE","",8,"esriGeometryPoint","3857","-13823715.3927, 3957210.4243, -13092747.0441, 7098586.3582 | -13864826.8924, 3937975.6023, -13079054.9261, 4958450.4186 | -13368932.7791, 4019758.3984, -13120119.1493, 4305318.7934","FALSE","TRUE","TRUE","TRUE","FALSE","","direct_arcgis","External","A/B","CalGEM oil/gas/geothermal wells, fields, leases, notices, permits | California DOC / CalGEM",24.67,"EL_005_second_wave_service_layers","","","Use provider landing/product page for user-facing srce; retain REST endpoint in audit metadata.","Use ArcGIS legend endpoint or provider legend if clearer.","Likely OK as current-view or full load after response-size check.",""
"SPC_CONVECTIVE","SPC convective outlooks","NOAA / NWS / Storm Prediction Center","Severe weather outlooks","Batch 3",3.5,4.5,4,4.5,"No","Forecasts / Severe Weather","B","MapServer","https://mapservices.weather.noaa.gov/vector/rest/services/outlooks/SPC_wx_outlks/MapServer","","0,1,2,3,4,5,6,7,8,9,10,11,12,13,14,15,16,17,18,19,20,21,22,23,24,25","Day 1 Convective Outlook | Day 1 Categorical Outlook | Day 1 Tornado Conditional Intensity | Day 1 Probabilistic Tornado Outlook | Day 1 Hail Conditional Intensity | Day 1 Probabilistic Hail Outlook | Day 1 Wind Conditional Intensity | Day 1 Probabilistic Wind Outlook | Day 2 Convective Outlook | Day 2 Categorical Outlook | Day 2 Tornado Conditional Intensity | Day 2 Probabilistic Tornado Outlook | Day 2 Hail Conditional Intensity | Day 2 Probabilistic Hail Outlook | Day 2 Wind Conditional Intensity | Day 2 Probabilistic Wind Outlook | Day 3 Convective Outlook | Day 3 Categorical Outlook | Day 3 Severe Conditional Intensity | Day 3 Probabilistic Outlook | Day 4 - 8 Convective Outlook | Day 4 Probabilistic Outlook | Day 5 Probabilistic Outlook | Day 6 Probabilistic Outlook | Day 7 Probabilistic Outlook | Day 8 Probabilistic Outlook","TRUE","",26,"Group Layer; esriGeometryPolygon","4269","-125.022, 24.169, -66.669, 49.561 | -124.838, 24.169, -66.669, 49.561","FALSE","TRUE","TRUE","TRUE","FALSE","","direct_arcgis","External first; consider Ops/both after QA","B","SPC convective outlooks | NOAA / NWS / Storm Prediction Center",23.22,"EL_005_second_wave_service_layers","Forecast/outlook/discussion polygons; not warnings, incidents, or observed conditions.","Service has 26 sublayers; add only selected IDs. Use current-view/min-zoom or raster export guardrails for first map add. Only first 10 layer details probed; inspect remaining layers before patching.","Use provider landing/product page for user-facing srce; retain REST endpoint in audit metadata.","Use ArcGIS legend endpoint or provider legend if clearer.","Prefer current-view and/or min-zoom guardrails for first add; avoid full-state heavy loads.",""
"DRECP","DRECP / renewable energy zones / conservation designations","CEC / BLM / CDFW / USFWS / Data Basin","Renewable energy / desert / ROW / conservation","Batch 2",4.5,4,3.5,3.5,"No/Maybe","Renewable Energy / Desert / ROW","A/B","FeatureServer","","","","","","",,"Polygon","","","","","","","","","static_preprocess","External","A/B","DRECP / renewable energy zones / conservation designations",22.95,"EL_005_second_wave_service_layers","","Use current-view/min-zoom or raster export guardrails for first map add.","Use provider landing/product page for user-facing srce; retain REST endpoint in audit metadata.","No row-level legend until layer rendering is confirmed.","Prefer current-view and/or min-zoom guardrails for first add; avoid full-state heavy loads.",""
"WPC_WSSI","WPC Winter Storm Severity Index","NOAA / NWS / WPC","Snow impacts / winter forecast","Batch 3",3.5,4.5,4,4,"No","Forecasts / Snow Impacts","B","MapServer","https://mapservices.weather.noaa.gov/vector/rest/services/outlooks/wpc_wssi/MapServer","","0,1,2,3,4,5,6,7,8,9,10,11,12,13,14,15,16,17,18,19,23,24,25,26,27","Overall Impact | Overall_Impact_Day_1 | Overall_Impact_Day_2 | Overall_Impact_Day_3 | Overall_Impact_Days_1-3 | Snow Amount | Snow_Amount_Day_1 | Snow_Amount_Day_2 | Snow_Amount_Day_3 | Snow_Amount_Days_1-3 | Snow Load | Snow_Load_Day_1 | Snow_Load_Day_2 | Snow_Load_Day_3 | Snow_Load_Days_1-3 | Ice Accumulation | Ice_Accumulation_Day_1 | Ice_Accumulation_Day_2 | Ice_Accumulation_Day_3 | Ice_Accumulation_Days_1-3 | Blowing Snow | Blowing_Snow_Day_1 | Blowing_Snow_Day_2 | Blowing_Snow_Day_3 | Blowing_Snow_Days_1-3","TRUE","",25,"Group Layer; esriGeometryPolygon","4326","-124.7657, 25.8067, -66.918, 49.4028 | -124.7657, 25.9592, -66.918, 49.4028 | -124.7177, 26.0346, -66.9786, 49.3784 | -124.7177, 26.1767, -66.9786, 49.3784 | -124.7177, 26.8485, -66.9786, 49.3784","FALSE","TRUE","TRUE","TRUE","FALSE","","direct_arcgis","External first; consider Ops/both after QA","B","WPC Winter Storm Severity Index | NOAA / NWS / WPC",22.67,"EL_005_second_wave_service_layers","","Service has 25 sublayers; add only selected IDs. Use current-view/min-zoom or raster export guardrails for first map add. Only first 10 layer details probed; inspect remaining layers before patching.","Use provider landing/product page for user-facing srce; retain REST endpoint in audit metadata.","Use ArcGIS legend endpoint or provider legend if clearer.","Prefer current-view and/or min-zoom guardrails for first add; avoid full-state heavy loads.",""
"RAILROADS","Railroads","FRA / BTS / NTAD / Esri service lead","ROW / infrastructure","Batch 2",4,4,3.5,4,"No","ROW / Infrastructure","B","FeatureServer","https://services.arcgis.com/P3ePLMYs2RVChkJx/arcgis/rest/services/USA_Railroads/FeatureServer","https://services.arcgis.com/P3ePLMYs2RVChkJx/arcgis/rest/services/USA_Railroads/FeatureServer/0","0","USA Railroads","TRUE","",1,"esriGeometryPolyline","4326","-124.2585, 25.4625, -67.268, 49.0019","FALSE","TRUE","TRUE","FALSE","FALSE","","direct_arcgis","External","B","Railroads | FRA / BTS / NTAD / Esri service lead",22.5,"EL_005_second_wave_service_layers","","","Use provider landing/product page for user-facing srce; retain REST endpoint in audit metadata.","Likely supports ArcGIS legend; verify visually before adding row-level lgnd.","Decide after service/layer count and extent are verified.",""
"TRANSMISSION_LINES","Electric transmission lines","HIFLD / EIA / state source TBD","ROW / energy / fire / infrastructure","Batch 2",4,3.5,3.5,3.5,"No/Maybe","ROW / Energy / Fire","B","FeatureServer","","","","","","",,"Line","","","","","","","","","static_preprocess","External first; consider Ops/both after QA","B","Electric transmission lines",21.33,"EL_005_second_wave_service_layers","","","Use provider landing/product page for user-facing srce; retain REST endpoint in audit metadata.","No row-level legend until layer rendering is confirmed.","Decide after service/layer count and extent are verified.",""
"FRAP_VEG_FIRE","CAL FIRE / FRAP vegetation, fuels, burn severity","CAL FIRE / FRAP","Fire / vegetation / watershed condition","Batch 2",3.5,4,3.5,3.5,"No/Maybe","Fire / Watershed Condition","B/C","FeatureServer","","","","","","",,"Raster/polygon","","","","","","","","","static_preprocess","External first; consider Ops/both after QA","B/C","CAL FIRE / FRAP vegetation, fuels, burn severity",20.95,"EL_005_second_wave_service_layers","","Use current-view/min-zoom or raster export guardrails for first map add.","Use provider landing/product page for user-facing srce; retain REST endpoint in audit metadata.","No row-level legend until layer rendering is confirmed.","Prefer current-view and/or min-zoom guardrails for first add; avoid full-state heavy loads.",""
"SUBSTATIONS","Electric substations","HIFLD / EIA / state source TBD","Infrastructure / energy","Batch 3",3.5,3.5,3,3.5,"Maybe","Infrastructure / Energy Explore","C/B","FeatureServer","","","","","","",,"Point","","","","","","","","","static_preprocess","External","C/B","Electric substations",19.78,"EL_005_second_wave_service_layers","","","Use provider landing/product page for user-facing srce; retain REST endpoint in audit metadata.","No row-level legend until layer rendering is confirmed.","Likely OK as current-view or full load after response-size check.",""
"SPORT_LIS","NASA SPoRT-LIS soil moisture percentiles","NASA SPoRT / Drought.gov","Soil moisture / drought / fire / watershed","Batch 2",4.5,4.5,3.5,3.5,"No/Maybe","Drought / Soil Moisture","A/B","Other","","","","","","",,"Raster","","","","","","","","","static_preprocess","External first; consider Ops/both after QA","A/B","NASA SPoRT-LIS soil moisture percentiles",22.33,"EL_006_compact_explore_links","Current/model wetness or saturation context; not a station observation or percentile/anomaly unless explicitly documented.","Use current-view/min-zoom or raster export guardrails for first map add.","Use provider landing/product page for user-facing srce; retain REST endpoint in audit metadata.","No row-level legend until layer rendering is confirmed.","Prefer current-view and/or min-zoom guardrails for first add; avoid full-state heavy loads.",""
"INSAR_SUBSIDENCE","DWR / TRE Altamira InSAR land subsidence","California DWR / CNRA / TRE Altamira","Groundwater / infrastructure","Batch 2",4.5,4.5,3.5,3,"No/Maybe","Groundwater / Central Valley","A/B","Other","","","","","","",,"Raster or point/grid","","","","","","","","","static_preprocess","External","A/B","DWR / TRE Altamira InSAR land subsidence",21.78,"EL_006_compact_explore_links","","Use current-view/min-zoom or raster export guardrails for first map add.","Use provider landing/product page for user-facing srce; retain REST endpoint in audit metadata.","No row-level legend until layer rendering is confirmed.","Prefer current-view and/or min-zoom guardrails for first add; avoid full-state heavy loads.",""
"NDFD_WIND","NDFD / gridded forecast wind","NOAA / NWS / NDFD","Wind forecast","Batch 2",4,4,3.5,3.5,"No/Maybe","Forecasts / Wind","A/B","WMS","","","","","","",,"Raster/grid","","","","","","","","","wms_wmts","External first; consider Ops/both after QA","A/B","NDFD / gridded forecast wind",21.2,"EL_006_compact_explore_links","","Use current-view/min-zoom or raster export guardrails for first map add.","Use provider landing/product page for user-facing srce; retain REST endpoint in audit metadata.","No row-level legend until layer rendering is confirmed.","Prefer current-view and/or min-zoom guardrails for first add; avoid full-state heavy loads.",""
"AML_PAMP","Principal Areas of Mine Pollution / mine pollution areas","California DOC / Division of Mine Reclamation","AML / water quality","Batch 2",5,4,3,2.5,"Maybe","Water Quality / AML","A/B","Other","","","","","","",,"Polygon/point/tabular unknown","","","","","","","","","static_preprocess","External","A/B","Principal Areas of Mine Pollution / mine pollution areas",21.05,"EL_006_compact_explore_links","","Use current-view/min-zoom or raster export guardrails for first map add.","Use provider landing/product page for user-facing srce; retain REST endpoint in audit metadata.","No row-level legend until layer rendering is confirmed.","Prefer current-view and/or min-zoom guardrails for first add; avoid full-state heavy loads.",""
"CPC_HAZARDS","CPC Day 8–14 hazards / rapid-onset drought / week-2 hazards","NOAA / NWS / CPC","Climate hazards / drought / heat / wind","Batch 3",4,4,3.5,3.5,"No/Maybe","Forecasts / Drought / Hazards","B","Other","","","","","","",,"Polygon/raster unknown","","","","","","","","","static_preprocess","External first; consider Ops/both after QA","B","CPC Day 8–14 hazards / rapid-onset drought / week-2 hazards",20.7,"EL_006_compact_explore_links","","Use current-view/min-zoom or raster export guardrails for first map add.","Use provider landing/product page for user-facing srce; retain REST endpoint in audit metadata.","No row-level legend until layer rendering is confirmed.","Prefer current-view and/or min-zoom guardrails for first add; avoid full-state heavy loads.",""
"QUICKDRI","QuickDRI","NDMC / Drought.gov","Flash drought / recent drydown","Batch 2",4,4,3.5,3.5,"No/Maybe","Drought / Vegetation Stress","A/B","Other","","","","","","",,"Raster","","","","","","","","","static_preprocess","External","A/B","QuickDRI",20.7,"EL_006_compact_explore_links","","Use current-view/min-zoom or raster export guardrails for first map add.","Use provider landing/product page for user-facing srce; retain REST endpoint in audit metadata.","No row-level legend until layer rendering is confirmed.","Prefer current-view and/or min-zoom guardrails for first add; avoid full-state heavy loads.",""
"VEGDRI","VegDRI","NDMC / Drought.gov","Vegetation drought stress / rangeland","Batch 2",4,4,3.5,3,"No/Maybe","Drought / Vegetation Stress","A/B","Other","","","","","","",,"Raster","","","","","","","","","static_preprocess","External","A/B","VegDRI",20.15,"EL_006_compact_explore_links","","Use current-view/min-zoom or raster export guardrails for first map add.","Use provider landing/product page for user-facing srce; retain REST endpoint in audit metadata.","No row-level legend until layer rendering is confirmed.","Prefer current-view and/or min-zoom guardrails for first add; avoid full-state heavy loads.",""
"CPC_NLDAS_SOIL","CPC NLDAS Noah soil moisture percentiles","NOAA / CPC / Drought.gov","Soil moisture / drought","Batch 3",3.5,4,3.5,3.5,"No/Maybe","Drought / Soil Moisture","B","Other","","","","","","",,"Raster","","","","","","","","","static_preprocess","External","B","CPC NLDAS Noah soil moisture percentiles",19.7,"EL_006_compact_explore_links","Current/model wetness or saturation context; not a station observation or percentile/anomaly unless explicitly documented.","Use current-view/min-zoom or raster export guardrails for first map add.","Use provider landing/product page for user-facing srce; retain REST endpoint in audit metadata.","No row-level legend until layer rendering is confirmed.","Prefer current-view and/or min-zoom guardrails for first add; avoid full-state heavy loads.",""
"NASA_GIBS_NDVI","NASA GIBS MODIS/VIIRS NDVI-style imagery","NASA EOSDIS GIBS","Satellite / vegetation imagery","Batch 3",3,4,3,3.5,"Maybe","Satellite / Vegetation Explore","C","WMTS","https://gibs.earthdata.nasa.gov/wmts/epsg3857/best/wmts.cgi","","","","","",,"Raster tiles","","","","","","","","","wms_wmts","External","C","NASA GIBS MODIS/VIIRS NDVI-style imagery",18.65,"EL_006_compact_explore_links","","Use current-view/min-zoom or raster export guardrails for first map add.","Use provider landing/product page for user-facing srce; retain REST endpoint in audit metadata.","No row-level legend until layer rendering is confirmed.","Prefer current-view and/or min-zoom guardrails for first add; avoid full-state heavy loads.",""
"CROP_CASMA","Crop-CASMA soil moisture anomaly","USDA NASS / NASA / Drought.gov","Soil moisture / ag drought / anomaly","Batch 3",3.5,4,3,3,"Maybe","Soil Moisture / Ag Drought","B/C","API","","","","","","",,"Raster","","","","","","","","","static_preprocess","External","B/C","Crop-CASMA soil moisture anomaly",18.6,"EL_006_compact_explore_links","Current/model wetness or saturation context; not a station observation or percentile/anomaly unless explicitly documented.","Use current-view/min-zoom or raster export guardrails for first map add.","Use provider landing/product page for user-facing srce; retain REST endpoint in audit metadata.","No row-level legend until layer rendering is confirmed.","Prefer current-view and/or min-zoom guardrails for first add; avoid full-state heavy loads.",""
"NOAA_STAR_VHI","NOAA STAR VHI / VCI / TCI vegetation health","NOAA STAR / Drought.gov","Vegetation stress / drought / fire risk","Batch 3",3.5,4,3,3,"No/Maybe","Drought / Vegetation","B","Other","","","","","","",,"Raster","","","","","","","","","static_preprocess","External first; consider Ops/both after QA","B","NOAA STAR VHI / VCI / TCI vegetation health",18.6,"EL_006_compact_explore_links","","Use current-view/min-zoom or raster export guardrails for first map add.","Use provider landing/product page for user-facing srce; retain REST endpoint in audit metadata.","No row-level legend until layer rendering is confirmed.","Prefer current-view and/or min-zoom guardrails for first add; avoid full-state heavy loads.",""
"NOAA_STAR_NDVI","NOAA STAR NDVI / greenness products","NOAA STAR / Drought.gov","Raw greenness / vegetation context","Batch 3",3,3.5,2.5,3,"Maybe","Vegetation Explore","C/B","Other","","","","","","",,"Raster","","","","","","","","","static_preprocess","External","C/B","NOAA STAR NDVI / greenness products",16.42,"EL_006_compact_explore_links","","Use current-view/min-zoom or raster export guardrails for first map add.","Use provider landing/product page for user-facing srce; retain REST endpoint in audit metadata.","No row-level legend until layer rendering is confirmed.","Prefer current-view and/or min-zoom guardrails for first add; avoid full-state heavy loads.",""
"SMAP_GRACE","SMAP / GRACE broad soil moisture products","NASA / Drought.gov","Broad drought / remote sensing","Batch 3",2.5,4,2.5,2.5,"Maybe","Drought Explore","C","API","","","","","","",,"Raster","","","","","","","","","static_preprocess","External","C","SMAP / GRACE broad soil moisture products",15.5,"EL_006_compact_explore_links","Current/model wetness or saturation context; not a station observation or percentile/anomaly unless explicitly documented.","Use current-view/min-zoom or raster export guardrails for first map add.","Use provider landing/product page for user-facing srce; retain REST endpoint in audit metadata.","No row-level legend until layer rendering is confirmed.","Prefer current-view and/or min-zoom guardrails for first add; avoid full-state heavy loads.",""
