"basin_subbasin_number","sgma_2019_priority","source_objectid","source_service","source_accessed"
"1-001","Very Low",1,"https://gis.water.ca.gov/arcgis/rest/services/Geoscientific/i08_B118_SGMA_2019_Basin_Prioritization/MapServer/2","2026-07-28"
"1-002.01","Medium",2,"https://gis.water.ca.gov/arcgis/rest/services/Geoscientific/i08_B118_SGMA_2019_Basin_Prioritization/MapServer/2","2026-07-28"
"1-002.02","Very Low",3,"https://gis.water.ca.gov/arcgis/rest/services/Geoscientific/i08_B118_SGMA_2019_Basin_Prioritization/MapServer/2","2026-07-28"
"1-003","Medium",4,"https://gis.water.ca.gov/arcgis/rest/services/Geoscientific/i08_B118_SGMA_2019_Basin_Prioritization/MapServer/2","2026-07-28"
"1-004","Medium",5,"https://gis.water.ca.gov/arcgis/rest/services/Geoscientific/i08_B118_SGMA_2019_Basin_Prioritization/MapServer/2","2026-07-28"
"1-005","Medium",6,"https://gis.water.ca.gov/arcgis/rest/services/Geoscientific/i08_B118_SGMA_2019_Basin_Prioritization/MapServer/2","2026-07-28"
"1-006","Very Low",7,"https://gis.water.ca.gov/arcgis/rest/services/Geoscientific/i08_B118_SGMA_2019_Basin_Prioritization/MapServer/2","2026-07-28"
"1-007","Very Low",8,"https://gis.water.ca.gov/arcgis/rest/services/Geoscientific/i08_B118_SGMA_2019_Basin_Prioritization/MapServer/2","2026-07-28"
"1-008.01","Very Low",9,"https://gis.water.ca.gov/arcgis/rest/services/Geoscientific/i08_B118_SGMA_2019_Basin_Prioritization/MapServer/2","2026-07-28"
"1-008.02","Very Low",10,"https://gis.water.ca.gov/arcgis/rest/services/Geoscientific/i08_B118_SGMA_2019_Basin_Prioritization/MapServer/2","2026-07-28"
"1-009","Very Low",11,"https://gis.water.ca.gov/arcgis/rest/services/Geoscientific/i08_B118_SGMA_2019_Basin_Prioritization/MapServer/2","2026-07-28"
"1-010","Medium",12,"https://gis.water.ca.gov/arcgis/rest/services/Geoscientific/i08_B118_SGMA_2019_Basin_Prioritization/MapServer/2","2026-07-28"
"1-011","Very Low",13,"https://gis.water.ca.gov/arcgis/rest/services/Geoscientific/i08_B118_SGMA_2019_Basin_Prioritization/MapServer/2","2026-07-28"
"1-012","Very Low",14,"https://gis.water.ca.gov/arcgis/rest/services/Geoscientific/i08_B118_SGMA_2019_Basin_Prioritization/MapServer/2","2026-07-28"
"1-013","Very Low",15,"https://gis.water.ca.gov/arcgis/rest/services/Geoscientific/i08_B118_SGMA_2019_Basin_Prioritization/MapServer/2","2026-07-28"
"1-014","Very Low",16,"https://gis.water.ca.gov/arcgis/rest/services/Geoscientific/i08_B118_SGMA_2019_Basin_Prioritization/MapServer/2","2026-07-28"
"1-015","Very Low",17,"https://gis.water.ca.gov/arcgis/rest/services/Geoscientific/i08_B118_SGMA_2019_Basin_Prioritization/MapServer/2","2026-07-28"
"1-016","Very Low",18,"https://gis.water.ca.gov/arcgis/rest/services/Geoscientific/i08_B118_SGMA_2019_Basin_Prioritization/MapServer/2","2026-07-28"
"1-017","Very Low",19,"https://gis.water.ca.gov/arcgis/rest/services/Geoscientific/i08_B118_SGMA_2019_Basin_Prioritization/MapServer/2","2026-07-28"
"1-018","Low",20,"https://gis.water.ca.gov/arcgis/rest/services/Geoscientific/i08_B118_SGMA_2019_Basin_Prioritization/MapServer/2","2026-07-28"
"1-019","Very Low",21,"https://gis.water.ca.gov/arcgis/rest/services/Geoscientific/i08_B118_SGMA_2019_Basin_Prioritization/MapServer/2","2026-07-28"
"1-020","Very Low",22,"https://gis.water.ca.gov/arcgis/rest/services/Geoscientific/i08_B118_SGMA_2019_Basin_Prioritization/MapServer/2","2026-07-28"
"1-021","Very Low",23,"https://gis.water.ca.gov/arcgis/rest/services/Geoscientific/i08_B118_SGMA_2019_Basin_Prioritization/MapServer/2","2026-07-28"
"1-022","Very Low",24,"https://gis.water.ca.gov/arcgis/rest/services/Geoscientific/i08_B118_SGMA_2019_Basin_Prioritization/MapServer/2","2026-07-28"
"1-025","Very Low",25,"https://gis.water.ca.gov/arcgis/rest/services/Geoscientific/i08_B118_SGMA_2019_Basin_Prioritization/MapServer/2","2026-07-28"
"1-026","Very Low",26,"https://gis.water.ca.gov/arcgis/rest/services/Geoscientific/i08_B118_SGMA_2019_Basin_Prioritization/MapServer/2","2026-07-28"
"1-027","Very Low",27,"https://gis.water.ca.gov/arcgis/rest/services/Geoscientific/i08_B118_SGMA_2019_Basin_Prioritization/MapServer/2","2026-07-28"
"1-028","Very Low",28,"https://gis.water.ca.gov/arcgis/rest/services/Geoscientific/i08_B118_SGMA_2019_Basin_Prioritization/MapServer/2","2026-07-28"
"1-029","Very Low",29,"https://gis.water.ca.gov/arcgis/rest/services/Geoscientific/i08_B118_SGMA_2019_Basin_Prioritization/MapServer/2","2026-07-28"
"1-030","Very Low",30,"https://gis.water.ca.gov/arcgis/rest/services/Geoscientific/i08_B118_SGMA_2019_Basin_Prioritization/MapServer/2","2026-07-28"
"1-031","Very Low",31,"https://gis.water.ca.gov/arcgis/rest/services/Geoscientific/i08_B118_SGMA_2019_Basin_Prioritization/MapServer/2","2026-07-28"
"1-032","Very Low",32,"https://gis.water.ca.gov/arcgis/rest/services/Geoscientific/i08_B118_SGMA_2019_Basin_Prioritization/MapServer/2","2026-07-28"
"1-033","Very Low",33,"https://gis.water.ca.gov/arcgis/rest/services/Geoscientific/i08_B118_SGMA_2019_Basin_Prioritization/MapServer/2","2026-07-28"
"1-034","Very Low",34,"https://gis.water.ca.gov/arcgis/rest/services/Geoscientific/i08_B118_SGMA_2019_Basin_Prioritization/MapServer/2","2026-07-28"
"1-035","Very Low",35,"https://gis.water.ca.gov/arcgis/rest/services/Geoscientific/i08_B118_SGMA_2019_Basin_Prioritization/MapServer/2","2026-07-28"
"1-036","Very Low",36,"https://gis.water.ca.gov/arcgis/rest/services/Geoscientific/i08_B118_SGMA_2019_Basin_Prioritization/MapServer/2","2026-07-28"
"1-037","Very Low",37,"https://gis.water.ca.gov/arcgis/rest/services/Geoscientific/i08_B118_SGMA_2019_Basin_Prioritization/MapServer/2","2026-07-28"
"1-038","Very Low",38,"https://gis.water.ca.gov/arcgis/rest/services/Geoscientific/i08_B118_SGMA_2019_Basin_Prioritization/MapServer/2","2026-07-28"
"1-039","Very Low",39,"https://gis.water.ca.gov/arcgis/rest/services/Geoscientific/i08_B118_SGMA_2019_Basin_Prioritization/MapServer/2","2026-07-28"
"1-040","Very Low",40,"https://gis.water.ca.gov/arcgis/rest/services/Geoscientific/i08_B118_SGMA_2019_Basin_Prioritization/MapServer/2","2026-07-28"
"1-041","Very Low",41,"https://gis.water.ca.gov/arcgis/rest/services/Geoscientific/i08_B118_SGMA_2019_Basin_Prioritization/MapServer/2","2026-07-28"
"1-042","Very Low",42,"https://gis.water.ca.gov/arcgis/rest/services/Geoscientific/i08_B118_SGMA_2019_Basin_Prioritization/MapServer/2","2026-07-28"
"1-043","Very Low",43,"https://gis.water.ca.gov/arcgis/rest/services/Geoscientific/i08_B118_SGMA_2019_Basin_Prioritization/MapServer/2","2026-07-28"
"1-044","Very Low",44,"https://gis.water.ca.gov/arcgis/rest/services/Geoscientific/i08_B118_SGMA_2019_Basin_Prioritization/MapServer/2","2026-07-28"
"1-045","Very Low",45,"https://gis.water.ca.gov/arcgis/rest/services/Geoscientific/i08_B118_SGMA_2019_Basin_Prioritization/MapServer/2","2026-07-28"
"1-046","Very Low",46,"https://gis.water.ca.gov/arcgis/rest/services/Geoscientific/i08_B118_SGMA_2019_Basin_Prioritization/MapServer/2","2026-07-28"
"1-048","Very Low",47,"https://gis.water.ca.gov/arcgis/rest/services/Geoscientific/i08_B118_SGMA_2019_Basin_Prioritization/MapServer/2","2026-07-28"
"1-049","Very Low",48,"https://gis.water.ca.gov/arcgis/rest/services/Geoscientific/i08_B118_SGMA_2019_Basin_Prioritization/MapServer/2","2026-07-28"
"1-050","Very Low",49,"https://gis.water.ca.gov/arcgis/rest/services/Geoscientific/i08_B118_SGMA_2019_Basin_Prioritization/MapServer/2","2026-07-28"
"1-051","Very Low",50,"https://gis.water.ca.gov/arcgis/rest/services/Geoscientific/i08_B118_SGMA_2019_Basin_Prioritization/MapServer/2","2026-07-28"
"1-052","Medium",51,"https://gis.water.ca.gov/arcgis/rest/services/Geoscientific/i08_B118_SGMA_2019_Basin_Prioritization/MapServer/2","2026-07-28"
"1-053","Very Low",52,"https://gis.water.ca.gov/arcgis/rest/services/Geoscientific/i08_B118_SGMA_2019_Basin_Prioritization/MapServer/2","2026-07-28"
"1-054.01","Very Low",53,"https://gis.water.ca.gov/arcgis/rest/services/Geoscientific/i08_B118_SGMA_2019_Basin_Prioritization/MapServer/2","2026-07-28"
"1-054.02","Very Low",54,"https://gis.water.ca.gov/arcgis/rest/services/Geoscientific/i08_B118_SGMA_2019_Basin_Prioritization/MapServer/2","2026-07-28"
"1-055.01","Medium",55,"https://gis.water.ca.gov/arcgis/rest/services/Geoscientific/i08_B118_SGMA_2019_Basin_Prioritization/MapServer/2","2026-07-28"
"1-055.02","Very Low",56,"https://gis.water.ca.gov/arcgis/rest/services/Geoscientific/i08_B118_SGMA_2019_Basin_Prioritization/MapServer/2","2026-07-28"
"1-055.03","Very Low",57,"https://gis.water.ca.gov/arcgis/rest/services/Geoscientific/i08_B118_SGMA_2019_Basin_Prioritization/MapServer/2","2026-07-28"
"1-056","Very Low",58,"https://gis.water.ca.gov/arcgis/rest/services/Geoscientific/i08_B118_SGMA_2019_Basin_Prioritization/MapServer/2","2026-07-28"
"1-057","Very Low",59,"https://gis.water.ca.gov/arcgis/rest/services/Geoscientific/i08_B118_SGMA_2019_Basin_Prioritization/MapServer/2","2026-07-28"
"1-059","Very Low",60,"https://gis.water.ca.gov/arcgis/rest/services/Geoscientific/i08_B118_SGMA_2019_Basin_Prioritization/MapServer/2","2026-07-28"
"1-060","Very Low",61,"https://gis.water.ca.gov/arcgis/rest/services/Geoscientific/i08_B118_SGMA_2019_Basin_Prioritization/MapServer/2","2026-07-28"
"1-061","Very Low",62,"https://gis.water.ca.gov/arcgis/rest/services/Geoscientific/i08_B118_SGMA_2019_Basin_Prioritization/MapServer/2","2026-07-28"
"1-062","Very Low",63,"https://gis.water.ca.gov/arcgis/rest/services/Geoscientific/i08_B118_SGMA_2019_Basin_Prioritization/MapServer/2","2026-07-28"
"2-001","Medium",64,"https://gis.water.ca.gov/arcgis/rest/services/Geoscientific/i08_B118_SGMA_2019_Basin_Prioritization/MapServer/2","2026-07-28"
"2-002.01","High",65,"https://gis.water.ca.gov/arcgis/rest/services/Geoscientific/i08_B118_SGMA_2019_Basin_Prioritization/MapServer/2","2026-07-28"
"2-002.02","High",66,"https://gis.water.ca.gov/arcgis/rest/services/Geoscientific/i08_B118_SGMA_2019_Basin_Prioritization/MapServer/2","2026-07-28"
"2-002.03","Very Low",67,"https://gis.water.ca.gov/arcgis/rest/services/Geoscientific/i08_B118_SGMA_2019_Basin_Prioritization/MapServer/2","2026-07-28"
"2-003","Low",68,"https://gis.water.ca.gov/arcgis/rest/services/Geoscientific/i08_B118_SGMA_2019_Basin_Prioritization/MapServer/2","2026-07-28"
"2-004","Very Low",69,"https://gis.water.ca.gov/arcgis/rest/services/Geoscientific/i08_B118_SGMA_2019_Basin_Prioritization/MapServer/2","2026-07-28"
"2-005","Very Low",70,"https://gis.water.ca.gov/arcgis/rest/services/Geoscientific/i08_B118_SGMA_2019_Basin_Prioritization/MapServer/2","2026-07-28"
"2-006","Very Low",71,"https://gis.water.ca.gov/arcgis/rest/services/Geoscientific/i08_B118_SGMA_2019_Basin_Prioritization/MapServer/2","2026-07-28"
"2-007","Very Low",72,"https://gis.water.ca.gov/arcgis/rest/services/Geoscientific/i08_B118_SGMA_2019_Basin_Prioritization/MapServer/2","2026-07-28"
"2-008","Very Low",73,"https://gis.water.ca.gov/arcgis/rest/services/Geoscientific/i08_B118_SGMA_2019_Basin_Prioritization/MapServer/2","2026-07-28"
"2-009.01","Medium",74,"https://gis.water.ca.gov/arcgis/rest/services/Geoscientific/i08_B118_SGMA_2019_Basin_Prioritization/MapServer/2","2026-07-28"
"2-009.02","High",75,"https://gis.water.ca.gov/arcgis/rest/services/Geoscientific/i08_B118_SGMA_2019_Basin_Prioritization/MapServer/2","2026-07-28"
"2-009.03","Very Low",76,"https://gis.water.ca.gov/arcgis/rest/services/Geoscientific/i08_B118_SGMA_2019_Basin_Prioritization/MapServer/2","2026-07-28"
"2-009.04","Medium",77,"https://gis.water.ca.gov/arcgis/rest/services/Geoscientific/i08_B118_SGMA_2019_Basin_Prioritization/MapServer/2","2026-07-28"
"2-010","Medium",78,"https://gis.water.ca.gov/arcgis/rest/services/Geoscientific/i08_B118_SGMA_2019_Basin_Prioritization/MapServer/2","2026-07-28"
"2-011","Very Low",79,"https://gis.water.ca.gov/arcgis/rest/services/Geoscientific/i08_B118_SGMA_2019_Basin_Prioritization/MapServer/2","2026-07-28"
"2-019","Very Low",80,"https://gis.water.ca.gov/arcgis/rest/services/Geoscientific/i08_B118_SGMA_2019_Basin_Prioritization/MapServer/2","2026-07-28"
"2-022","Very Low",81,"https://gis.water.ca.gov/arcgis/rest/services/Geoscientific/i08_B118_SGMA_2019_Basin_Prioritization/MapServer/2","2026-07-28"
"2-024","Very Low",82,"https://gis.water.ca.gov/arcgis/rest/services/Geoscientific/i08_B118_SGMA_2019_Basin_Prioritization/MapServer/2","2026-07-28"
"2-026","Very Low",83,"https://gis.water.ca.gov/arcgis/rest/services/Geoscientific/i08_B118_SGMA_2019_Basin_Prioritization/MapServer/2","2026-07-28"
"2-027","Very Low",84,"https://gis.water.ca.gov/arcgis/rest/services/Geoscientific/i08_B118_SGMA_2019_Basin_Prioritization/MapServer/2","2026-07-28"
"2-028","Very Low",85,"https://gis.water.ca.gov/arcgis/rest/services/Geoscientific/i08_B118_SGMA_2019_Basin_Prioritization/MapServer/2","2026-07-28"
"2-029","Very Low",86,"https://gis.water.ca.gov/arcgis/rest/services/Geoscientific/i08_B118_SGMA_2019_Basin_Prioritization/MapServer/2","2026-07-28"
"2-030","Low",87,"https://gis.water.ca.gov/arcgis/rest/services/Geoscientific/i08_B118_SGMA_2019_Basin_Prioritization/MapServer/2","2026-07-28"
"2-031","Very Low",88,"https://gis.water.ca.gov/arcgis/rest/services/Geoscientific/i08_B118_SGMA_2019_Basin_Prioritization/MapServer/2","2026-07-28"
"2-032","Very Low",89,"https://gis.water.ca.gov/arcgis/rest/services/Geoscientific/i08_B118_SGMA_2019_Basin_Prioritization/MapServer/2","2026-07-28"
"2-033","Very Low",90,"https://gis.water.ca.gov/arcgis/rest/services/Geoscientific/i08_B118_SGMA_2019_Basin_Prioritization/MapServer/2","2026-07-28"
"2-035","Very Low",91,"https://gis.water.ca.gov/arcgis/rest/services/Geoscientific/i08_B118_SGMA_2019_Basin_Prioritization/MapServer/2","2026-07-28"
"2-036","Very Low",92,"https://gis.water.ca.gov/arcgis/rest/services/Geoscientific/i08_B118_SGMA_2019_Basin_Prioritization/MapServer/2","2026-07-28"
"2-037","Very Low",93,"https://gis.water.ca.gov/arcgis/rest/services/Geoscientific/i08_B118_SGMA_2019_Basin_Prioritization/MapServer/2","2026-07-28"
"2-038","Very Low",94,"https://gis.water.ca.gov/arcgis/rest/services/Geoscientific/i08_B118_SGMA_2019_Basin_Prioritization/MapServer/2","2026-07-28"
"2-039","Very Low",95,"https://gis.water.ca.gov/arcgis/rest/services/Geoscientific/i08_B118_SGMA_2019_Basin_Prioritization/MapServer/2","2026-07-28"
"2-040","Very Low",96,"https://gis.water.ca.gov/arcgis/rest/services/Geoscientific/i08_B118_SGMA_2019_Basin_Prioritization/MapServer/2","2026-07-28"
"3-001","High",97,"https://gis.water.ca.gov/arcgis/rest/services/Geoscientific/i08_B118_SGMA_2019_Basin_Prioritization/MapServer/2","2026-07-28"
"3-002.01","High",98,"https://gis.water.ca.gov/arcgis/rest/services/Geoscientific/i08_B118_SGMA_2019_Basin_Prioritization/MapServer/2","2026-07-28"
"3-002.02","Very Low",99,"https://gis.water.ca.gov/arcgis/rest/services/Geoscientific/i08_B118_SGMA_2019_Basin_Prioritization/MapServer/2","2026-07-28"
"3-003.01","High",100,"https://gis.water.ca.gov/arcgis/rest/services/Geoscientific/i08_B118_SGMA_2019_Basin_Prioritization/MapServer/2","2026-07-28"
"3-003.05","Medium",101,"https://gis.water.ca.gov/arcgis/rest/services/Geoscientific/i08_B118_SGMA_2019_Basin_Prioritization/MapServer/2","2026-07-28"
"3-004.01","High",102,"https://gis.water.ca.gov/arcgis/rest/services/Geoscientific/i08_B118_SGMA_2019_Basin_Prioritization/MapServer/2","2026-07-28"
"3-004.02","High",103,"https://gis.water.ca.gov/arcgis/rest/services/Geoscientific/i08_B118_SGMA_2019_Basin_Prioritization/MapServer/2","2026-07-28"
"3-004.04","Medium",104,"https://gis.water.ca.gov/arcgis/rest/services/Geoscientific/i08_B118_SGMA_2019_Basin_Prioritization/MapServer/2","2026-07-28"
"3-004.05","Medium",105,"https://gis.water.ca.gov/arcgis/rest/services/Geoscientific/i08_B118_SGMA_2019_Basin_Prioritization/MapServer/2","2026-07-28"
"3-004.06","High",106,"https://gis.water.ca.gov/arcgis/rest/services/Geoscientific/i08_B118_SGMA_2019_Basin_Prioritization/MapServer/2","2026-07-28"
"3-004.08","Very Low",107,"https://gis.water.ca.gov/arcgis/rest/services/Geoscientific/i08_B118_SGMA_2019_Basin_Prioritization/MapServer/2","2026-07-28"
"3-004.09","High",108,"https://gis.water.ca.gov/arcgis/rest/services/Geoscientific/i08_B118_SGMA_2019_Basin_Prioritization/MapServer/2","2026-07-28"
"3-004.10","Medium",109,"https://gis.water.ca.gov/arcgis/rest/services/Geoscientific/i08_B118_SGMA_2019_Basin_Prioritization/MapServer/2","2026-07-28"
"3-004.11","Very Low",110,"https://gis.water.ca.gov/arcgis/rest/services/Geoscientific/i08_B118_SGMA_2019_Basin_Prioritization/MapServer/2","2026-07-28"
"3-005","Very Low",111,"https://gis.water.ca.gov/arcgis/rest/services/Geoscientific/i08_B118_SGMA_2019_Basin_Prioritization/MapServer/2","2026-07-28"
"3-006","Very Low",112,"https://gis.water.ca.gov/arcgis/rest/services/Geoscientific/i08_B118_SGMA_2019_Basin_Prioritization/MapServer/2","2026-07-28"
"3-007","Medium",113,"https://gis.water.ca.gov/arcgis/rest/services/Geoscientific/i08_B118_SGMA_2019_Basin_Prioritization/MapServer/2","2026-07-28"
"3-008.01","Very Low",114,"https://gis.water.ca.gov/arcgis/rest/services/Geoscientific/i08_B118_SGMA_2019_Basin_Prioritization/MapServer/2","2026-07-28"
"3-008.02","Very Low",115,"https://gis.water.ca.gov/arcgis/rest/services/Geoscientific/i08_B118_SGMA_2019_Basin_Prioritization/MapServer/2","2026-07-28"
"3-009","High",116,"https://gis.water.ca.gov/arcgis/rest/services/Geoscientific/i08_B118_SGMA_2019_Basin_Prioritization/MapServer/2","2026-07-28"
"3-012.01","Very Low",117,"https://gis.water.ca.gov/arcgis/rest/services/Geoscientific/i08_B118_SGMA_2019_Basin_Prioritization/MapServer/2","2026-07-28"
"3-012.02","Very Low",118,"https://gis.water.ca.gov/arcgis/rest/services/Geoscientific/i08_B118_SGMA_2019_Basin_Prioritization/MapServer/2","2026-07-28"
"3-013","High",119,"https://gis.water.ca.gov/arcgis/rest/services/Geoscientific/i08_B118_SGMA_2019_Basin_Prioritization/MapServer/2","2026-07-28"
"3-014","Medium",120,"https://gis.water.ca.gov/arcgis/rest/services/Geoscientific/i08_B118_SGMA_2019_Basin_Prioritization/MapServer/2","2026-07-28"
"3-015","Medium",121,"https://gis.water.ca.gov/arcgis/rest/services/Geoscientific/i08_B118_SGMA_2019_Basin_Prioritization/MapServer/2","2026-07-28"
"3-016","Very Low",122,"https://gis.water.ca.gov/arcgis/rest/services/Geoscientific/i08_B118_SGMA_2019_Basin_Prioritization/MapServer/2","2026-07-28"
"3-017","Very Low",123,"https://gis.water.ca.gov/arcgis/rest/services/Geoscientific/i08_B118_SGMA_2019_Basin_Prioritization/MapServer/2","2026-07-28"
"3-018","High",124,"https://gis.water.ca.gov/arcgis/rest/services/Geoscientific/i08_B118_SGMA_2019_Basin_Prioritization/MapServer/2","2026-07-28"
"3-019","Very Low",125,"https://gis.water.ca.gov/arcgis/rest/services/Geoscientific/i08_B118_SGMA_2019_Basin_Prioritization/MapServer/2","2026-07-28"
"3-020","Very Low",126,"https://gis.water.ca.gov/arcgis/rest/services/Geoscientific/i08_B118_SGMA_2019_Basin_Prioritization/MapServer/2","2026-07-28"
"3-022","Very Low",127,"https://gis.water.ca.gov/arcgis/rest/services/Geoscientific/i08_B118_SGMA_2019_Basin_Prioritization/MapServer/2","2026-07-28"
"3-023","Very Low",128,"https://gis.water.ca.gov/arcgis/rest/services/Geoscientific/i08_B118_SGMA_2019_Basin_Prioritization/MapServer/2","2026-07-28"
"3-024","Very Low",129,"https://gis.water.ca.gov/arcgis/rest/services/Geoscientific/i08_B118_SGMA_2019_Basin_Prioritization/MapServer/2","2026-07-28"
"3-026","Very Low",130,"https://gis.water.ca.gov/arcgis/rest/services/Geoscientific/i08_B118_SGMA_2019_Basin_Prioritization/MapServer/2","2026-07-28"
"3-027","Medium",131,"https://gis.water.ca.gov/arcgis/rest/services/Geoscientific/i08_B118_SGMA_2019_Basin_Prioritization/MapServer/2","2026-07-28"
"3-028","Very Low",132,"https://gis.water.ca.gov/arcgis/rest/services/Geoscientific/i08_B118_SGMA_2019_Basin_Prioritization/MapServer/2","2026-07-28"
"3-029","Very Low",133,"https://gis.water.ca.gov/arcgis/rest/services/Geoscientific/i08_B118_SGMA_2019_Basin_Prioritization/MapServer/2","2026-07-28"
"3-030","Very Low",134,"https://gis.water.ca.gov/arcgis/rest/services/Geoscientific/i08_B118_SGMA_2019_Basin_Prioritization/MapServer/2","2026-07-28"
"3-031","Very Low",135,"https://gis.water.ca.gov/arcgis/rest/services/Geoscientific/i08_B118_SGMA_2019_Basin_Prioritization/MapServer/2","2026-07-28"
"3-032","Very Low",136,"https://gis.water.ca.gov/arcgis/rest/services/Geoscientific/i08_B118_SGMA_2019_Basin_Prioritization/MapServer/2","2026-07-28"
"3-033","Very Low",137,"https://gis.water.ca.gov/arcgis/rest/services/Geoscientific/i08_B118_SGMA_2019_Basin_Prioritization/MapServer/2","2026-07-28"
"3-034","Very Low",138,"https://gis.water.ca.gov/arcgis/rest/services/Geoscientific/i08_B118_SGMA_2019_Basin_Prioritization/MapServer/2","2026-07-28"
"3-035","Very Low",139,"https://gis.water.ca.gov/arcgis/rest/services/Geoscientific/i08_B118_SGMA_2019_Basin_Prioritization/MapServer/2","2026-07-28"
"3-036","Very Low",140,"https://gis.water.ca.gov/arcgis/rest/services/Geoscientific/i08_B118_SGMA_2019_Basin_Prioritization/MapServer/2","2026-07-28"
"3-037","Very Low",141,"https://gis.water.ca.gov/arcgis/rest/services/Geoscientific/i08_B118_SGMA_2019_Basin_Prioritization/MapServer/2","2026-07-28"
"3-038","Very Low",142,"https://gis.water.ca.gov/arcgis/rest/services/Geoscientific/i08_B118_SGMA_2019_Basin_Prioritization/MapServer/2","2026-07-28"
"3-039","Very Low",143,"https://gis.water.ca.gov/arcgis/rest/services/Geoscientific/i08_B118_SGMA_2019_Basin_Prioritization/MapServer/2","2026-07-28"
"3-040","Very Low",144,"https://gis.water.ca.gov/arcgis/rest/services/Geoscientific/i08_B118_SGMA_2019_Basin_Prioritization/MapServer/2","2026-07-28"
"3-041","Very Low",145,"https://gis.water.ca.gov/arcgis/rest/services/Geoscientific/i08_B118_SGMA_2019_Basin_Prioritization/MapServer/2","2026-07-28"
"3-042","Very Low",146,"https://gis.water.ca.gov/arcgis/rest/services/Geoscientific/i08_B118_SGMA_2019_Basin_Prioritization/MapServer/2","2026-07-28"
"3-043","Very Low",147,"https://gis.water.ca.gov/arcgis/rest/services/Geoscientific/i08_B118_SGMA_2019_Basin_Prioritization/MapServer/2","2026-07-28"
"3-044","Very Low",148,"https://gis.water.ca.gov/arcgis/rest/services/Geoscientific/i08_B118_SGMA_2019_Basin_Prioritization/MapServer/2","2026-07-28"
"3-045","Very Low",149,"https://gis.water.ca.gov/arcgis/rest/services/Geoscientific/i08_B118_SGMA_2019_Basin_Prioritization/MapServer/2","2026-07-28"
"3-046","Very Low",150,"https://gis.water.ca.gov/arcgis/rest/services/Geoscientific/i08_B118_SGMA_2019_Basin_Prioritization/MapServer/2","2026-07-28"
"3-047","Very Low",151,"https://gis.water.ca.gov/arcgis/rest/services/Geoscientific/i08_B118_SGMA_2019_Basin_Prioritization/MapServer/2","2026-07-28"
"3-049","Medium",152,"https://gis.water.ca.gov/arcgis/rest/services/Geoscientific/i08_B118_SGMA_2019_Basin_Prioritization/MapServer/2","2026-07-28"
"3-051","Very Low",153,"https://gis.water.ca.gov/arcgis/rest/services/Geoscientific/i08_B118_SGMA_2019_Basin_Prioritization/MapServer/2","2026-07-28"
"3-052","Very Low",154,"https://gis.water.ca.gov/arcgis/rest/services/Geoscientific/i08_B118_SGMA_2019_Basin_Prioritization/MapServer/2","2026-07-28"
"3-053","Very Low",155,"https://gis.water.ca.gov/arcgis/rest/services/Geoscientific/i08_B118_SGMA_2019_Basin_Prioritization/MapServer/2","2026-07-28"
"4-001","Very Low",156,"https://gis.water.ca.gov/arcgis/rest/services/Geoscientific/i08_B118_SGMA_2019_Basin_Prioritization/MapServer/2","2026-07-28"
"4-002","High",157,"https://gis.water.ca.gov/arcgis/rest/services/Geoscientific/i08_B118_SGMA_2019_Basin_Prioritization/MapServer/2","2026-07-28"
"4-003.01","Medium",158,"https://gis.water.ca.gov/arcgis/rest/services/Geoscientific/i08_B118_SGMA_2019_Basin_Prioritization/MapServer/2","2026-07-28"
"4-003.02","Very Low",159,"https://gis.water.ca.gov/arcgis/rest/services/Geoscientific/i08_B118_SGMA_2019_Basin_Prioritization/MapServer/2","2026-07-28"
"4-004.02","High",160,"https://gis.water.ca.gov/arcgis/rest/services/Geoscientific/i08_B118_SGMA_2019_Basin_Prioritization/MapServer/2","2026-07-28"
"4-004.03","High",161,"https://gis.water.ca.gov/arcgis/rest/services/Geoscientific/i08_B118_SGMA_2019_Basin_Prioritization/MapServer/2","2026-07-28"
"4-004.04","Very Low",162,"https://gis.water.ca.gov/arcgis/rest/services/Geoscientific/i08_B118_SGMA_2019_Basin_Prioritization/MapServer/2","2026-07-28"
"4-004.05","High",163,"https://gis.water.ca.gov/arcgis/rest/services/Geoscientific/i08_B118_SGMA_2019_Basin_Prioritization/MapServer/2","2026-07-28"
"4-004.06","High",164,"https://gis.water.ca.gov/arcgis/rest/services/Geoscientific/i08_B118_SGMA_2019_Basin_Prioritization/MapServer/2","2026-07-28"
"4-004.07","High",165,"https://gis.water.ca.gov/arcgis/rest/services/Geoscientific/i08_B118_SGMA_2019_Basin_Prioritization/MapServer/2","2026-07-28"
"4-005","Very Low",166,"https://gis.water.ca.gov/arcgis/rest/services/Geoscientific/i08_B118_SGMA_2019_Basin_Prioritization/MapServer/2","2026-07-28"
"4-006","High",167,"https://gis.water.ca.gov/arcgis/rest/services/Geoscientific/i08_B118_SGMA_2019_Basin_Prioritization/MapServer/2","2026-07-28"
"4-007","Very Low",168,"https://gis.water.ca.gov/arcgis/rest/services/Geoscientific/i08_B118_SGMA_2019_Basin_Prioritization/MapServer/2","2026-07-28"
"4-008","High",169,"https://gis.water.ca.gov/arcgis/rest/services/Geoscientific/i08_B118_SGMA_2019_Basin_Prioritization/MapServer/2","2026-07-28"
"4-009","Very Low",170,"https://gis.water.ca.gov/arcgis/rest/services/Geoscientific/i08_B118_SGMA_2019_Basin_Prioritization/MapServer/2","2026-07-28"
"4-010","Very Low",171,"https://gis.water.ca.gov/arcgis/rest/services/Geoscientific/i08_B118_SGMA_2019_Basin_Prioritization/MapServer/2","2026-07-28"
"4-011.01","Medium",172,"https://gis.water.ca.gov/arcgis/rest/services/Geoscientific/i08_B118_SGMA_2019_Basin_Prioritization/MapServer/2","2026-07-28"
"4-011.02","Very Low",173,"https://gis.water.ca.gov/arcgis/rest/services/Geoscientific/i08_B118_SGMA_2019_Basin_Prioritization/MapServer/2","2026-07-28"
"4-011.03","Very Low",174,"https://gis.water.ca.gov/arcgis/rest/services/Geoscientific/i08_B118_SGMA_2019_Basin_Prioritization/MapServer/2","2026-07-28"
"4-011.04","Very Low",175,"https://gis.water.ca.gov/arcgis/rest/services/Geoscientific/i08_B118_SGMA_2019_Basin_Prioritization/MapServer/2","2026-07-28"
"4-012","Very Low",176,"https://gis.water.ca.gov/arcgis/rest/services/Geoscientific/i08_B118_SGMA_2019_Basin_Prioritization/MapServer/2","2026-07-28"
"4-013","Very Low",177,"https://gis.water.ca.gov/arcgis/rest/services/Geoscientific/i08_B118_SGMA_2019_Basin_Prioritization/MapServer/2","2026-07-28"
"4-015","Very Low",178,"https://gis.water.ca.gov/arcgis/rest/services/Geoscientific/i08_B118_SGMA_2019_Basin_Prioritization/MapServer/2","2026-07-28"
"4-016","Very Low",179,"https://gis.water.ca.gov/arcgis/rest/services/Geoscientific/i08_B118_SGMA_2019_Basin_Prioritization/MapServer/2","2026-07-28"
"4-017","Very Low",180,"https://gis.water.ca.gov/arcgis/rest/services/Geoscientific/i08_B118_SGMA_2019_Basin_Prioritization/MapServer/2","2026-07-28"
"4-018","Very Low",181,"https://gis.water.ca.gov/arcgis/rest/services/Geoscientific/i08_B118_SGMA_2019_Basin_Prioritization/MapServer/2","2026-07-28"
"4-019","Very Low",182,"https://gis.water.ca.gov/arcgis/rest/services/Geoscientific/i08_B118_SGMA_2019_Basin_Prioritization/MapServer/2","2026-07-28"
"4-020","Very Low",183,"https://gis.water.ca.gov/arcgis/rest/services/Geoscientific/i08_B118_SGMA_2019_Basin_Prioritization/MapServer/2","2026-07-28"
"4-022","Very Low",184,"https://gis.water.ca.gov/arcgis/rest/services/Geoscientific/i08_B118_SGMA_2019_Basin_Prioritization/MapServer/2","2026-07-28"
"4-023","Very Low",185,"https://gis.water.ca.gov/arcgis/rest/services/Geoscientific/i08_B118_SGMA_2019_Basin_Prioritization/MapServer/2","2026-07-28"
"5-001.01","Very Low",186,"https://gis.water.ca.gov/arcgis/rest/services/Geoscientific/i08_B118_SGMA_2019_Basin_Prioritization/MapServer/2","2026-07-28"
"5-001.02","Very Low",187,"https://gis.water.ca.gov/arcgis/rest/services/Geoscientific/i08_B118_SGMA_2019_Basin_Prioritization/MapServer/2","2026-07-28"
"5-002.01","Low",188,"https://gis.water.ca.gov/arcgis/rest/services/Geoscientific/i08_B118_SGMA_2019_Basin_Prioritization/MapServer/2","2026-07-28"
"5-002.02","Very Low",189,"https://gis.water.ca.gov/arcgis/rest/services/Geoscientific/i08_B118_SGMA_2019_Basin_Prioritization/MapServer/2","2026-07-28"
"5-003","Very Low",190,"https://gis.water.ca.gov/arcgis/rest/services/Geoscientific/i08_B118_SGMA_2019_Basin_Prioritization/MapServer/2","2026-07-28"
"5-004","Medium",191,"https://gis.water.ca.gov/arcgis/rest/services/Geoscientific/i08_B118_SGMA_2019_Basin_Prioritization/MapServer/2","2026-07-28"
"5-005","Low",192,"https://gis.water.ca.gov/arcgis/rest/services/Geoscientific/i08_B118_SGMA_2019_Basin_Prioritization/MapServer/2","2026-07-28"
"5-006.01","Very Low",193,"https://gis.water.ca.gov/arcgis/rest/services/Geoscientific/i08_B118_SGMA_2019_Basin_Prioritization/MapServer/2","2026-07-28"
"5-006.03","Medium",194,"https://gis.water.ca.gov/arcgis/rest/services/Geoscientific/i08_B118_SGMA_2019_Basin_Prioritization/MapServer/2","2026-07-28"
"5-006.04","Medium",195,"https://gis.water.ca.gov/arcgis/rest/services/Geoscientific/i08_B118_SGMA_2019_Basin_Prioritization/MapServer/2","2026-07-28"
"5-006.05","Very Low",196,"https://gis.water.ca.gov/arcgis/rest/services/Geoscientific/i08_B118_SGMA_2019_Basin_Prioritization/MapServer/2","2026-07-28"
"5-006.06","Very Low",197,"https://gis.water.ca.gov/arcgis/rest/services/Geoscientific/i08_B118_SGMA_2019_Basin_Prioritization/MapServer/2","2026-07-28"
"5-007","Very Low",198,"https://gis.water.ca.gov/arcgis/rest/services/Geoscientific/i08_B118_SGMA_2019_Basin_Prioritization/MapServer/2","2026-07-28"
"5-008","Very Low",199,"https://gis.water.ca.gov/arcgis/rest/services/Geoscientific/i08_B118_SGMA_2019_Basin_Prioritization/MapServer/2","2026-07-28"
"5-009","Very Low",200,"https://gis.water.ca.gov/arcgis/rest/services/Geoscientific/i08_B118_SGMA_2019_Basin_Prioritization/MapServer/2","2026-07-28"
"5-010","Very Low",201,"https://gis.water.ca.gov/arcgis/rest/services/Geoscientific/i08_B118_SGMA_2019_Basin_Prioritization/MapServer/2","2026-07-28"
"5-011","Very Low",202,"https://gis.water.ca.gov/arcgis/rest/services/Geoscientific/i08_B118_SGMA_2019_Basin_Prioritization/MapServer/2","2026-07-28"
"5-012.01","Medium",203,"https://gis.water.ca.gov/arcgis/rest/services/Geoscientific/i08_B118_SGMA_2019_Basin_Prioritization/MapServer/2","2026-07-28"
"5-012.02","Very Low",204,"https://gis.water.ca.gov/arcgis/rest/services/Geoscientific/i08_B118_SGMA_2019_Basin_Prioritization/MapServer/2","2026-07-28"
"5-013","Very Low",205,"https://gis.water.ca.gov/arcgis/rest/services/Geoscientific/i08_B118_SGMA_2019_Basin_Prioritization/MapServer/2","2026-07-28"
"5-014","Very Low",206,"https://gis.water.ca.gov/arcgis/rest/services/Geoscientific/i08_B118_SGMA_2019_Basin_Prioritization/MapServer/2","2026-07-28"
"5-015","Medium",207,"https://gis.water.ca.gov/arcgis/rest/services/Geoscientific/i08_B118_SGMA_2019_Basin_Prioritization/MapServer/2","2026-07-28"
"5-016","Very Low",208,"https://gis.water.ca.gov/arcgis/rest/services/Geoscientific/i08_B118_SGMA_2019_Basin_Prioritization/MapServer/2","2026-07-28"
"5-017","Very Low",209,"https://gis.water.ca.gov/arcgis/rest/services/Geoscientific/i08_B118_SGMA_2019_Basin_Prioritization/MapServer/2","2026-07-28"
"5-018","Very Low",210,"https://gis.water.ca.gov/arcgis/rest/services/Geoscientific/i08_B118_SGMA_2019_Basin_Prioritization/MapServer/2","2026-07-28"
"5-019","Very Low",211,"https://gis.water.ca.gov/arcgis/rest/services/Geoscientific/i08_B118_SGMA_2019_Basin_Prioritization/MapServer/2","2026-07-28"
"5-020","Very Low",212,"https://gis.water.ca.gov/arcgis/rest/services/Geoscientific/i08_B118_SGMA_2019_Basin_Prioritization/MapServer/2","2026-07-28"
"5-021.50","Medium",213,"https://gis.water.ca.gov/arcgis/rest/services/Geoscientific/i08_B118_SGMA_2019_Basin_Prioritization/MapServer/2","2026-07-28"
"5-021.51","High",214,"https://gis.water.ca.gov/arcgis/rest/services/Geoscientific/i08_B118_SGMA_2019_Basin_Prioritization/MapServer/2","2026-07-28"
"5-021.52","High",215,"https://gis.water.ca.gov/arcgis/rest/services/Geoscientific/i08_B118_SGMA_2019_Basin_Prioritization/MapServer/2","2026-07-28"
"5-021.53","Very Low",216,"https://gis.water.ca.gov/arcgis/rest/services/Geoscientific/i08_B118_SGMA_2019_Basin_Prioritization/MapServer/2","2026-07-28"
"5-021.54","High",217,"https://gis.water.ca.gov/arcgis/rest/services/Geoscientific/i08_B118_SGMA_2019_Basin_Prioritization/MapServer/2","2026-07-28"
"5-021.56","Medium",218,"https://gis.water.ca.gov/arcgis/rest/services/Geoscientific/i08_B118_SGMA_2019_Basin_Prioritization/MapServer/2","2026-07-28"
"5-021.57","High",219,"https://gis.water.ca.gov/arcgis/rest/services/Geoscientific/i08_B118_SGMA_2019_Basin_Prioritization/MapServer/2","2026-07-28"
"5-021.60","Medium",220,"https://gis.water.ca.gov/arcgis/rest/services/Geoscientific/i08_B118_SGMA_2019_Basin_Prioritization/MapServer/2","2026-07-28"
"5-021.61","High",221,"https://gis.water.ca.gov/arcgis/rest/services/Geoscientific/i08_B118_SGMA_2019_Basin_Prioritization/MapServer/2","2026-07-28"
"5-021.62","Medium",222,"https://gis.water.ca.gov/arcgis/rest/services/Geoscientific/i08_B118_SGMA_2019_Basin_Prioritization/MapServer/2","2026-07-28"
"5-021.64","High",223,"https://gis.water.ca.gov/arcgis/rest/services/Geoscientific/i08_B118_SGMA_2019_Basin_Prioritization/MapServer/2","2026-07-28"
"5-021.65","High",224,"https://gis.water.ca.gov/arcgis/rest/services/Geoscientific/i08_B118_SGMA_2019_Basin_Prioritization/MapServer/2","2026-07-28"
"5-021.66","Medium",225,"https://gis.water.ca.gov/arcgis/rest/services/Geoscientific/i08_B118_SGMA_2019_Basin_Prioritization/MapServer/2","2026-07-28"
"5-021.67","High",226,"https://gis.water.ca.gov/arcgis/rest/services/Geoscientific/i08_B118_SGMA_2019_Basin_Prioritization/MapServer/2","2026-07-28"
"5-021.69","Medium",227,"https://gis.water.ca.gov/arcgis/rest/services/Geoscientific/i08_B118_SGMA_2019_Basin_Prioritization/MapServer/2","2026-07-28"
"5-021.70","Medium",228,"https://gis.water.ca.gov/arcgis/rest/services/Geoscientific/i08_B118_SGMA_2019_Basin_Prioritization/MapServer/2","2026-07-28"
"5-022.01","High",229,"https://gis.water.ca.gov/arcgis/rest/services/Geoscientific/i08_B118_SGMA_2019_Basin_Prioritization/MapServer/2","2026-07-28"
"5-022.02","High",230,"https://gis.water.ca.gov/arcgis/rest/services/Geoscientific/i08_B118_SGMA_2019_Basin_Prioritization/MapServer/2","2026-07-28"
"5-022.03","High",231,"https://gis.water.ca.gov/arcgis/rest/services/Geoscientific/i08_B118_SGMA_2019_Basin_Prioritization/MapServer/2","2026-07-28"
"5-022.04","High",232,"https://gis.water.ca.gov/arcgis/rest/services/Geoscientific/i08_B118_SGMA_2019_Basin_Prioritization/MapServer/2","2026-07-28"
"5-022.05","High",233,"https://gis.water.ca.gov/arcgis/rest/services/Geoscientific/i08_B118_SGMA_2019_Basin_Prioritization/MapServer/2","2026-07-28"
"5-022.06","High",234,"https://gis.water.ca.gov/arcgis/rest/services/Geoscientific/i08_B118_SGMA_2019_Basin_Prioritization/MapServer/2","2026-07-28"
"5-022.07","High",235,"https://gis.water.ca.gov/arcgis/rest/services/Geoscientific/i08_B118_SGMA_2019_Basin_Prioritization/MapServer/2","2026-07-28"
"5-022.08","High",236,"https://gis.water.ca.gov/arcgis/rest/services/Geoscientific/i08_B118_SGMA_2019_Basin_Prioritization/MapServer/2","2026-07-28"
"5-022.09","High",237,"https://gis.water.ca.gov/arcgis/rest/services/Geoscientific/i08_B118_SGMA_2019_Basin_Prioritization/MapServer/2","2026-07-28"
"5-022.10","Medium",238,"https://gis.water.ca.gov/arcgis/rest/services/Geoscientific/i08_B118_SGMA_2019_Basin_Prioritization/MapServer/2","2026-07-28"
"5-022.11","High",239,"https://gis.water.ca.gov/arcgis/rest/services/Geoscientific/i08_B118_SGMA_2019_Basin_Prioritization/MapServer/2","2026-07-28"
"5-022.12","High",240,"https://gis.water.ca.gov/arcgis/rest/services/Geoscientific/i08_B118_SGMA_2019_Basin_Prioritization/MapServer/2","2026-07-28"
"5-022.13","High",241,"https://gis.water.ca.gov/arcgis/rest/services/Geoscientific/i08_B118_SGMA_2019_Basin_Prioritization/MapServer/2","2026-07-28"
"5-022.14","High",242,"https://gis.water.ca.gov/arcgis/rest/services/Geoscientific/i08_B118_SGMA_2019_Basin_Prioritization/MapServer/2","2026-07-28"
"5-022.15","Medium",243,"https://gis.water.ca.gov/arcgis/rest/services/Geoscientific/i08_B118_SGMA_2019_Basin_Prioritization/MapServer/2","2026-07-28"
"5-022.16","Medium",244,"https://gis.water.ca.gov/arcgis/rest/services/Geoscientific/i08_B118_SGMA_2019_Basin_Prioritization/MapServer/2","2026-07-28"
"5-022.17","Low",245,"https://gis.water.ca.gov/arcgis/rest/services/Geoscientific/i08_B118_SGMA_2019_Basin_Prioritization/MapServer/2","2026-07-28"
"5-022.18","Medium",246,"https://gis.water.ca.gov/arcgis/rest/services/Geoscientific/i08_B118_SGMA_2019_Basin_Prioritization/MapServer/2","2026-07-28"
"5-022.19","Medium",247,"https://gis.water.ca.gov/arcgis/rest/services/Geoscientific/i08_B118_SGMA_2019_Basin_Prioritization/MapServer/2","2026-07-28"
"5-023","Very Low",248,"https://gis.water.ca.gov/arcgis/rest/services/Geoscientific/i08_B118_SGMA_2019_Basin_Prioritization/MapServer/2","2026-07-28"
"5-025","Very Low",249,"https://gis.water.ca.gov/arcgis/rest/services/Geoscientific/i08_B118_SGMA_2019_Basin_Prioritization/MapServer/2","2026-07-28"
"5-026","Very Low",250,"https://gis.water.ca.gov/arcgis/rest/services/Geoscientific/i08_B118_SGMA_2019_Basin_Prioritization/MapServer/2","2026-07-28"
"5-027","Very Low",251,"https://gis.water.ca.gov/arcgis/rest/services/Geoscientific/i08_B118_SGMA_2019_Basin_Prioritization/MapServer/2","2026-07-28"
"5-028","Very Low",252,"https://gis.water.ca.gov/arcgis/rest/services/Geoscientific/i08_B118_SGMA_2019_Basin_Prioritization/MapServer/2","2026-07-28"
"5-029","Very Low",253,"https://gis.water.ca.gov/arcgis/rest/services/Geoscientific/i08_B118_SGMA_2019_Basin_Prioritization/MapServer/2","2026-07-28"
"5-030","Very Low",254,"https://gis.water.ca.gov/arcgis/rest/services/Geoscientific/i08_B118_SGMA_2019_Basin_Prioritization/MapServer/2","2026-07-28"
"5-031","Very Low",255,"https://gis.water.ca.gov/arcgis/rest/services/Geoscientific/i08_B118_SGMA_2019_Basin_Prioritization/MapServer/2","2026-07-28"
"5-035","Very Low",256,"https://gis.water.ca.gov/arcgis/rest/services/Geoscientific/i08_B118_SGMA_2019_Basin_Prioritization/MapServer/2","2026-07-28"
"5-036","Very Low",257,"https://gis.water.ca.gov/arcgis/rest/services/Geoscientific/i08_B118_SGMA_2019_Basin_Prioritization/MapServer/2","2026-07-28"
"5-037","Very Low",258,"https://gis.water.ca.gov/arcgis/rest/services/Geoscientific/i08_B118_SGMA_2019_Basin_Prioritization/MapServer/2","2026-07-28"
"5-038","Very Low",259,"https://gis.water.ca.gov/arcgis/rest/services/Geoscientific/i08_B118_SGMA_2019_Basin_Prioritization/MapServer/2","2026-07-28"
"5-040","Very Low",260,"https://gis.water.ca.gov/arcgis/rest/services/Geoscientific/i08_B118_SGMA_2019_Basin_Prioritization/MapServer/2","2026-07-28"
"5-041","Very Low",261,"https://gis.water.ca.gov/arcgis/rest/services/Geoscientific/i08_B118_SGMA_2019_Basin_Prioritization/MapServer/2","2026-07-28"
"5-043","Very Low",262,"https://gis.water.ca.gov/arcgis/rest/services/Geoscientific/i08_B118_SGMA_2019_Basin_Prioritization/MapServer/2","2026-07-28"
"5-044","Very Low",263,"https://gis.water.ca.gov/arcgis/rest/services/Geoscientific/i08_B118_SGMA_2019_Basin_Prioritization/MapServer/2","2026-07-28"
"5-045","Very Low",264,"https://gis.water.ca.gov/arcgis/rest/services/Geoscientific/i08_B118_SGMA_2019_Basin_Prioritization/MapServer/2","2026-07-28"
"5-046","Very Low",265,"https://gis.water.ca.gov/arcgis/rest/services/Geoscientific/i08_B118_SGMA_2019_Basin_Prioritization/MapServer/2","2026-07-28"
"5-047","Very Low",266,"https://gis.water.ca.gov/arcgis/rest/services/Geoscientific/i08_B118_SGMA_2019_Basin_Prioritization/MapServer/2","2026-07-28"
"5-048","Very Low",267,"https://gis.water.ca.gov/arcgis/rest/services/Geoscientific/i08_B118_SGMA_2019_Basin_Prioritization/MapServer/2","2026-07-28"
"5-049","Very Low",268,"https://gis.water.ca.gov/arcgis/rest/services/Geoscientific/i08_B118_SGMA_2019_Basin_Prioritization/MapServer/2","2026-07-28"
"5-050","Very Low",269,"https://gis.water.ca.gov/arcgis/rest/services/Geoscientific/i08_B118_SGMA_2019_Basin_Prioritization/MapServer/2","2026-07-28"
"5-051","Very Low",270,"https://gis.water.ca.gov/arcgis/rest/services/Geoscientific/i08_B118_SGMA_2019_Basin_Prioritization/MapServer/2","2026-07-28"
"5-052","Very Low",271,"https://gis.water.ca.gov/arcgis/rest/services/Geoscientific/i08_B118_SGMA_2019_Basin_Prioritization/MapServer/2","2026-07-28"
"5-053","Very Low",272,"https://gis.water.ca.gov/arcgis/rest/services/Geoscientific/i08_B118_SGMA_2019_Basin_Prioritization/MapServer/2","2026-07-28"
"5-054","Very Low",273,"https://gis.water.ca.gov/arcgis/rest/services/Geoscientific/i08_B118_SGMA_2019_Basin_Prioritization/MapServer/2","2026-07-28"
"5-056","Very Low",274,"https://gis.water.ca.gov/arcgis/rest/services/Geoscientific/i08_B118_SGMA_2019_Basin_Prioritization/MapServer/2","2026-07-28"
"5-057","Very Low",275,"https://gis.water.ca.gov/arcgis/rest/services/Geoscientific/i08_B118_SGMA_2019_Basin_Prioritization/MapServer/2","2026-07-28"
"5-058","Very Low",276,"https://gis.water.ca.gov/arcgis/rest/services/Geoscientific/i08_B118_SGMA_2019_Basin_Prioritization/MapServer/2","2026-07-28"
"5-059","Very Low",277,"https://gis.water.ca.gov/arcgis/rest/services/Geoscientific/i08_B118_SGMA_2019_Basin_Prioritization/MapServer/2","2026-07-28"
"5-060","Very Low",278,"https://gis.water.ca.gov/arcgis/rest/services/Geoscientific/i08_B118_SGMA_2019_Basin_Prioritization/MapServer/2","2026-07-28"
"5-061","Very Low",279,"https://gis.water.ca.gov/arcgis/rest/services/Geoscientific/i08_B118_SGMA_2019_Basin_Prioritization/MapServer/2","2026-07-28"
"5-062","Very Low",280,"https://gis.water.ca.gov/arcgis/rest/services/Geoscientific/i08_B118_SGMA_2019_Basin_Prioritization/MapServer/2","2026-07-28"
"5-063","Very Low",281,"https://gis.water.ca.gov/arcgis/rest/services/Geoscientific/i08_B118_SGMA_2019_Basin_Prioritization/MapServer/2","2026-07-28"
"5-064","Very Low",282,"https://gis.water.ca.gov/arcgis/rest/services/Geoscientific/i08_B118_SGMA_2019_Basin_Prioritization/MapServer/2","2026-07-28"
"5-065","Very Low",283,"https://gis.water.ca.gov/arcgis/rest/services/Geoscientific/i08_B118_SGMA_2019_Basin_Prioritization/MapServer/2","2026-07-28"
"5-066","Very Low",284,"https://gis.water.ca.gov/arcgis/rest/services/Geoscientific/i08_B118_SGMA_2019_Basin_Prioritization/MapServer/2","2026-07-28"
"5-068","Very Low",285,"https://gis.water.ca.gov/arcgis/rest/services/Geoscientific/i08_B118_SGMA_2019_Basin_Prioritization/MapServer/2","2026-07-28"
"5-069","Very Low",286,"https://gis.water.ca.gov/arcgis/rest/services/Geoscientific/i08_B118_SGMA_2019_Basin_Prioritization/MapServer/2","2026-07-28"
"5-070","Very Low",287,"https://gis.water.ca.gov/arcgis/rest/services/Geoscientific/i08_B118_SGMA_2019_Basin_Prioritization/MapServer/2","2026-07-28"
"5-071","Very Low",288,"https://gis.water.ca.gov/arcgis/rest/services/Geoscientific/i08_B118_SGMA_2019_Basin_Prioritization/MapServer/2","2026-07-28"
"5-080","Very Low",289,"https://gis.water.ca.gov/arcgis/rest/services/Geoscientific/i08_B118_SGMA_2019_Basin_Prioritization/MapServer/2","2026-07-28"
"5-082","Very Low",290,"https://gis.water.ca.gov/arcgis/rest/services/Geoscientific/i08_B118_SGMA_2019_Basin_Prioritization/MapServer/2","2026-07-28"
"5-083","Very Low",291,"https://gis.water.ca.gov/arcgis/rest/services/Geoscientific/i08_B118_SGMA_2019_Basin_Prioritization/MapServer/2","2026-07-28"
"5-084","Very Low",292,"https://gis.water.ca.gov/arcgis/rest/services/Geoscientific/i08_B118_SGMA_2019_Basin_Prioritization/MapServer/2","2026-07-28"
"5-085","Very Low",293,"https://gis.water.ca.gov/arcgis/rest/services/Geoscientific/i08_B118_SGMA_2019_Basin_Prioritization/MapServer/2","2026-07-28"
"5-086","Very Low",294,"https://gis.water.ca.gov/arcgis/rest/services/Geoscientific/i08_B118_SGMA_2019_Basin_Prioritization/MapServer/2","2026-07-28"
"5-087","Very Low",295,"https://gis.water.ca.gov/arcgis/rest/services/Geoscientific/i08_B118_SGMA_2019_Basin_Prioritization/MapServer/2","2026-07-28"
"5-088","Very Low",296,"https://gis.water.ca.gov/arcgis/rest/services/Geoscientific/i08_B118_SGMA_2019_Basin_Prioritization/MapServer/2","2026-07-28"
"5-089","Very Low",297,"https://gis.water.ca.gov/arcgis/rest/services/Geoscientific/i08_B118_SGMA_2019_Basin_Prioritization/MapServer/2","2026-07-28"
"5-090","Very Low",298,"https://gis.water.ca.gov/arcgis/rest/services/Geoscientific/i08_B118_SGMA_2019_Basin_Prioritization/MapServer/2","2026-07-28"
"5-091","Very Low",299,"https://gis.water.ca.gov/arcgis/rest/services/Geoscientific/i08_B118_SGMA_2019_Basin_Prioritization/MapServer/2","2026-07-28"
"5-092","Very Low",300,"https://gis.water.ca.gov/arcgis/rest/services/Geoscientific/i08_B118_SGMA_2019_Basin_Prioritization/MapServer/2","2026-07-28"
"5-094","Very Low",301,"https://gis.water.ca.gov/arcgis/rest/services/Geoscientific/i08_B118_SGMA_2019_Basin_Prioritization/MapServer/2","2026-07-28"
"5-095","Very Low",302,"https://gis.water.ca.gov/arcgis/rest/services/Geoscientific/i08_B118_SGMA_2019_Basin_Prioritization/MapServer/2","2026-07-28"
"6-001","Very Low",303,"https://gis.water.ca.gov/arcgis/rest/services/Geoscientific/i08_B118_SGMA_2019_Basin_Prioritization/MapServer/2","2026-07-28"
"6-002","Very Low",304,"https://gis.water.ca.gov/arcgis/rest/services/Geoscientific/i08_B118_SGMA_2019_Basin_Prioritization/MapServer/2","2026-07-28"
"6-003","Very Low",305,"https://gis.water.ca.gov/arcgis/rest/services/Geoscientific/i08_B118_SGMA_2019_Basin_Prioritization/MapServer/2","2026-07-28"
"6-004","Low",306,"https://gis.water.ca.gov/arcgis/rest/services/Geoscientific/i08_B118_SGMA_2019_Basin_Prioritization/MapServer/2","2026-07-28"
"6-005.01","Medium",307,"https://gis.water.ca.gov/arcgis/rest/services/Geoscientific/i08_B118_SGMA_2019_Basin_Prioritization/MapServer/2","2026-07-28"
"6-005.02","Very Low",308,"https://gis.water.ca.gov/arcgis/rest/services/Geoscientific/i08_B118_SGMA_2019_Basin_Prioritization/MapServer/2","2026-07-28"
"6-005.03","Very Low",309,"https://gis.water.ca.gov/arcgis/rest/services/Geoscientific/i08_B118_SGMA_2019_Basin_Prioritization/MapServer/2","2026-07-28"
"6-006","Very Low",310,"https://gis.water.ca.gov/arcgis/rest/services/Geoscientific/i08_B118_SGMA_2019_Basin_Prioritization/MapServer/2","2026-07-28"
"6-007","Very Low",311,"https://gis.water.ca.gov/arcgis/rest/services/Geoscientific/i08_B118_SGMA_2019_Basin_Prioritization/MapServer/2","2026-07-28"
"6-008","Very Low",312,"https://gis.water.ca.gov/arcgis/rest/services/Geoscientific/i08_B118_SGMA_2019_Basin_Prioritization/MapServer/2","2026-07-28"
"6-009","Very Low",313,"https://gis.water.ca.gov/arcgis/rest/services/Geoscientific/i08_B118_SGMA_2019_Basin_Prioritization/MapServer/2","2026-07-28"
"6-010","Very Low",314,"https://gis.water.ca.gov/arcgis/rest/services/Geoscientific/i08_B118_SGMA_2019_Basin_Prioritization/MapServer/2","2026-07-28"
"6-011","Very Low",315,"https://gis.water.ca.gov/arcgis/rest/services/Geoscientific/i08_B118_SGMA_2019_Basin_Prioritization/MapServer/2","2026-07-28"
"6-012.01","Low",316,"https://gis.water.ca.gov/arcgis/rest/services/Geoscientific/i08_B118_SGMA_2019_Basin_Prioritization/MapServer/2","2026-07-28"
"6-012.02","Very Low",317,"https://gis.water.ca.gov/arcgis/rest/services/Geoscientific/i08_B118_SGMA_2019_Basin_Prioritization/MapServer/2","2026-07-28"
"6-013","Very Low",318,"https://gis.water.ca.gov/arcgis/rest/services/Geoscientific/i08_B118_SGMA_2019_Basin_Prioritization/MapServer/2","2026-07-28"
"6-014","Low",319,"https://gis.water.ca.gov/arcgis/rest/services/Geoscientific/i08_B118_SGMA_2019_Basin_Prioritization/MapServer/2","2026-07-28"
"6-015","Very Low",320,"https://gis.water.ca.gov/arcgis/rest/services/Geoscientific/i08_B118_SGMA_2019_Basin_Prioritization/MapServer/2","2026-07-28"
"6-016","Very Low",321,"https://gis.water.ca.gov/arcgis/rest/services/Geoscientific/i08_B118_SGMA_2019_Basin_Prioritization/MapServer/2","2026-07-28"
"6-017","Very Low",322,"https://gis.water.ca.gov/arcgis/rest/services/Geoscientific/i08_B118_SGMA_2019_Basin_Prioritization/MapServer/2","2026-07-28"
"6-018","Very Low",323,"https://gis.water.ca.gov/arcgis/rest/services/Geoscientific/i08_B118_SGMA_2019_Basin_Prioritization/MapServer/2","2026-07-28"
"6-019","Very Low",324,"https://gis.water.ca.gov/arcgis/rest/services/Geoscientific/i08_B118_SGMA_2019_Basin_Prioritization/MapServer/2","2026-07-28"
"6-020","Very Low",325,"https://gis.water.ca.gov/arcgis/rest/services/Geoscientific/i08_B118_SGMA_2019_Basin_Prioritization/MapServer/2","2026-07-28"
"6-021","Very Low",326,"https://gis.water.ca.gov/arcgis/rest/services/Geoscientific/i08_B118_SGMA_2019_Basin_Prioritization/MapServer/2","2026-07-28"
"6-022","Very Low",327,"https://gis.water.ca.gov/arcgis/rest/services/Geoscientific/i08_B118_SGMA_2019_Basin_Prioritization/MapServer/2","2026-07-28"
"6-023","Very Low",328,"https://gis.water.ca.gov/arcgis/rest/services/Geoscientific/i08_B118_SGMA_2019_Basin_Prioritization/MapServer/2","2026-07-28"
"6-024","Very Low",329,"https://gis.water.ca.gov/arcgis/rest/services/Geoscientific/i08_B118_SGMA_2019_Basin_Prioritization/MapServer/2","2026-07-28"
"6-025","Very Low",330,"https://gis.water.ca.gov/arcgis/rest/services/Geoscientific/i08_B118_SGMA_2019_Basin_Prioritization/MapServer/2","2026-07-28"
"6-026","Very Low",331,"https://gis.water.ca.gov/arcgis/rest/services/Geoscientific/i08_B118_SGMA_2019_Basin_Prioritization/MapServer/2","2026-07-28"
"6-027","Very Low",332,"https://gis.water.ca.gov/arcgis/rest/services/Geoscientific/i08_B118_SGMA_2019_Basin_Prioritization/MapServer/2","2026-07-28"
"6-028","Very Low",333,"https://gis.water.ca.gov/arcgis/rest/services/Geoscientific/i08_B118_SGMA_2019_Basin_Prioritization/MapServer/2","2026-07-28"
"6-029","Very Low",334,"https://gis.water.ca.gov/arcgis/rest/services/Geoscientific/i08_B118_SGMA_2019_Basin_Prioritization/MapServer/2","2026-07-28"
"6-030","Very Low",335,"https://gis.water.ca.gov/arcgis/rest/services/Geoscientific/i08_B118_SGMA_2019_Basin_Prioritization/MapServer/2","2026-07-28"
"6-031","Very Low",336,"https://gis.water.ca.gov/arcgis/rest/services/Geoscientific/i08_B118_SGMA_2019_Basin_Prioritization/MapServer/2","2026-07-28"
"6-032","Very Low",337,"https://gis.water.ca.gov/arcgis/rest/services/Geoscientific/i08_B118_SGMA_2019_Basin_Prioritization/MapServer/2","2026-07-28"
"6-033","Very Low",338,"https://gis.water.ca.gov/arcgis/rest/services/Geoscientific/i08_B118_SGMA_2019_Basin_Prioritization/MapServer/2","2026-07-28"
"6-034","Very Low",339,"https://gis.water.ca.gov/arcgis/rest/services/Geoscientific/i08_B118_SGMA_2019_Basin_Prioritization/MapServer/2","2026-07-28"
"6-035","Very Low",340,"https://gis.water.ca.gov/arcgis/rest/services/Geoscientific/i08_B118_SGMA_2019_Basin_Prioritization/MapServer/2","2026-07-28"
"6-036.01","Very Low",341,"https://gis.water.ca.gov/arcgis/rest/services/Geoscientific/i08_B118_SGMA_2019_Basin_Prioritization/MapServer/2","2026-07-28"
"6-036.02","Very Low",342,"https://gis.water.ca.gov/arcgis/rest/services/Geoscientific/i08_B118_SGMA_2019_Basin_Prioritization/MapServer/2","2026-07-28"
"6-037","Very Low",343,"https://gis.water.ca.gov/arcgis/rest/services/Geoscientific/i08_B118_SGMA_2019_Basin_Prioritization/MapServer/2","2026-07-28"
"6-038","Very Low",344,"https://gis.water.ca.gov/arcgis/rest/services/Geoscientific/i08_B118_SGMA_2019_Basin_Prioritization/MapServer/2","2026-07-28"
"6-040","Very Low",345,"https://gis.water.ca.gov/arcgis/rest/services/Geoscientific/i08_B118_SGMA_2019_Basin_Prioritization/MapServer/2","2026-07-28"
"6-041","Very Low",346,"https://gis.water.ca.gov/arcgis/rest/services/Geoscientific/i08_B118_SGMA_2019_Basin_Prioritization/MapServer/2","2026-07-28"
"6-042","Very Low",347,"https://gis.water.ca.gov/arcgis/rest/services/Geoscientific/i08_B118_SGMA_2019_Basin_Prioritization/MapServer/2","2026-07-28"
"6-043","Very Low",348,"https://gis.water.ca.gov/arcgis/rest/services/Geoscientific/i08_B118_SGMA_2019_Basin_Prioritization/MapServer/2","2026-07-28"
"6-044","Very Low",349,"https://gis.water.ca.gov/arcgis/rest/services/Geoscientific/i08_B118_SGMA_2019_Basin_Prioritization/MapServer/2","2026-07-28"
"6-045","Very Low",350,"https://gis.water.ca.gov/arcgis/rest/services/Geoscientific/i08_B118_SGMA_2019_Basin_Prioritization/MapServer/2","2026-07-28"
"6-046","Low",351,"https://gis.water.ca.gov/arcgis/rest/services/Geoscientific/i08_B118_SGMA_2019_Basin_Prioritization/MapServer/2","2026-07-28"
"6-047","Very Low",352,"https://gis.water.ca.gov/arcgis/rest/services/Geoscientific/i08_B118_SGMA_2019_Basin_Prioritization/MapServer/2","2026-07-28"
"6-048","Very Low",353,"https://gis.water.ca.gov/arcgis/rest/services/Geoscientific/i08_B118_SGMA_2019_Basin_Prioritization/MapServer/2","2026-07-28"
"6-049","Very Low",354,"https://gis.water.ca.gov/arcgis/rest/services/Geoscientific/i08_B118_SGMA_2019_Basin_Prioritization/MapServer/2","2026-07-28"
"6-050","Very Low",355,"https://gis.water.ca.gov/arcgis/rest/services/Geoscientific/i08_B118_SGMA_2019_Basin_Prioritization/MapServer/2","2026-07-28"
"6-051","Very Low",356,"https://gis.water.ca.gov/arcgis/rest/services/Geoscientific/i08_B118_SGMA_2019_Basin_Prioritization/MapServer/2","2026-07-28"
"6-052","Very Low",357,"https://gis.water.ca.gov/arcgis/rest/services/Geoscientific/i08_B118_SGMA_2019_Basin_Prioritization/MapServer/2","2026-07-28"
"6-053","Very Low",358,"https://gis.water.ca.gov/arcgis/rest/services/Geoscientific/i08_B118_SGMA_2019_Basin_Prioritization/MapServer/2","2026-07-28"
"6-054","High",359,"https://gis.water.ca.gov/arcgis/rest/services/Geoscientific/i08_B118_SGMA_2019_Basin_Prioritization/MapServer/2","2026-07-28"
"6-055","Very Low",360,"https://gis.water.ca.gov/arcgis/rest/services/Geoscientific/i08_B118_SGMA_2019_Basin_Prioritization/MapServer/2","2026-07-28"
"6-056","Very Low",361,"https://gis.water.ca.gov/arcgis/rest/services/Geoscientific/i08_B118_SGMA_2019_Basin_Prioritization/MapServer/2","2026-07-28"
"6-057","Very Low",362,"https://gis.water.ca.gov/arcgis/rest/services/Geoscientific/i08_B118_SGMA_2019_Basin_Prioritization/MapServer/2","2026-07-28"
"6-058","Very Low",363,"https://gis.water.ca.gov/arcgis/rest/services/Geoscientific/i08_B118_SGMA_2019_Basin_Prioritization/MapServer/2","2026-07-28"
"6-061","Very Low",364,"https://gis.water.ca.gov/arcgis/rest/services/Geoscientific/i08_B118_SGMA_2019_Basin_Prioritization/MapServer/2","2026-07-28"
"6-062","Very Low",365,"https://gis.water.ca.gov/arcgis/rest/services/Geoscientific/i08_B118_SGMA_2019_Basin_Prioritization/MapServer/2","2026-07-28"
"6-063","Very Low",366,"https://gis.water.ca.gov/arcgis/rest/services/Geoscientific/i08_B118_SGMA_2019_Basin_Prioritization/MapServer/2","2026-07-28"
"6-064","Very Low",367,"https://gis.water.ca.gov/arcgis/rest/services/Geoscientific/i08_B118_SGMA_2019_Basin_Prioritization/MapServer/2","2026-07-28"
"6-065","Very Low",368,"https://gis.water.ca.gov/arcgis/rest/services/Geoscientific/i08_B118_SGMA_2019_Basin_Prioritization/MapServer/2","2026-07-28"
"6-066","Very Low",369,"https://gis.water.ca.gov/arcgis/rest/services/Geoscientific/i08_B118_SGMA_2019_Basin_Prioritization/MapServer/2","2026-07-28"
"6-067","Very Low",370,"https://gis.water.ca.gov/arcgis/rest/services/Geoscientific/i08_B118_SGMA_2019_Basin_Prioritization/MapServer/2","2026-07-28"
"6-068","Very Low",371,"https://gis.water.ca.gov/arcgis/rest/services/Geoscientific/i08_B118_SGMA_2019_Basin_Prioritization/MapServer/2","2026-07-28"
"6-069","Very Low",372,"https://gis.water.ca.gov/arcgis/rest/services/Geoscientific/i08_B118_SGMA_2019_Basin_Prioritization/MapServer/2","2026-07-28"
"6-070","Very Low",373,"https://gis.water.ca.gov/arcgis/rest/services/Geoscientific/i08_B118_SGMA_2019_Basin_Prioritization/MapServer/2","2026-07-28"
"6-071","Very Low",374,"https://gis.water.ca.gov/arcgis/rest/services/Geoscientific/i08_B118_SGMA_2019_Basin_Prioritization/MapServer/2","2026-07-28"
"6-072","Very Low",375,"https://gis.water.ca.gov/arcgis/rest/services/Geoscientific/i08_B118_SGMA_2019_Basin_Prioritization/MapServer/2","2026-07-28"
"6-073","Very Low",376,"https://gis.water.ca.gov/arcgis/rest/services/Geoscientific/i08_B118_SGMA_2019_Basin_Prioritization/MapServer/2","2026-07-28"
"6-074","Very Low",377,"https://gis.water.ca.gov/arcgis/rest/services/Geoscientific/i08_B118_SGMA_2019_Basin_Prioritization/MapServer/2","2026-07-28"
"6-075","Very Low",378,"https://gis.water.ca.gov/arcgis/rest/services/Geoscientific/i08_B118_SGMA_2019_Basin_Prioritization/MapServer/2","2026-07-28"
"6-076","Very Low",379,"https://gis.water.ca.gov/arcgis/rest/services/Geoscientific/i08_B118_SGMA_2019_Basin_Prioritization/MapServer/2","2026-07-28"
"6-077","Very Low",380,"https://gis.water.ca.gov/arcgis/rest/services/Geoscientific/i08_B118_SGMA_2019_Basin_Prioritization/MapServer/2","2026-07-28"
"6-078","Very Low",381,"https://gis.water.ca.gov/arcgis/rest/services/Geoscientific/i08_B118_SGMA_2019_Basin_Prioritization/MapServer/2","2026-07-28"
"6-079","Very Low",382,"https://gis.water.ca.gov/arcgis/rest/services/Geoscientific/i08_B118_SGMA_2019_Basin_Prioritization/MapServer/2","2026-07-28"
"6-080","Very Low",383,"https://gis.water.ca.gov/arcgis/rest/services/Geoscientific/i08_B118_SGMA_2019_Basin_Prioritization/MapServer/2","2026-07-28"
"6-081","Very Low",384,"https://gis.water.ca.gov/arcgis/rest/services/Geoscientific/i08_B118_SGMA_2019_Basin_Prioritization/MapServer/2","2026-07-28"
"6-082","Very Low",385,"https://gis.water.ca.gov/arcgis/rest/services/Geoscientific/i08_B118_SGMA_2019_Basin_Prioritization/MapServer/2","2026-07-28"
"6-084","Very Low",386,"https://gis.water.ca.gov/arcgis/rest/services/Geoscientific/i08_B118_SGMA_2019_Basin_Prioritization/MapServer/2","2026-07-28"
"6-085","Very Low",387,"https://gis.water.ca.gov/arcgis/rest/services/Geoscientific/i08_B118_SGMA_2019_Basin_Prioritization/MapServer/2","2026-07-28"
"6-086","Very Low",388,"https://gis.water.ca.gov/arcgis/rest/services/Geoscientific/i08_B118_SGMA_2019_Basin_Prioritization/MapServer/2","2026-07-28"
"6-088","Very Low",389,"https://gis.water.ca.gov/arcgis/rest/services/Geoscientific/i08_B118_SGMA_2019_Basin_Prioritization/MapServer/2","2026-07-28"
"6-089","Very Low",390,"https://gis.water.ca.gov/arcgis/rest/services/Geoscientific/i08_B118_SGMA_2019_Basin_Prioritization/MapServer/2","2026-07-28"
"6-090","Very Low",391,"https://gis.water.ca.gov/arcgis/rest/services/Geoscientific/i08_B118_SGMA_2019_Basin_Prioritization/MapServer/2","2026-07-28"
"6-091","Very Low",392,"https://gis.water.ca.gov/arcgis/rest/services/Geoscientific/i08_B118_SGMA_2019_Basin_Prioritization/MapServer/2","2026-07-28"
"6-092","Very Low",393,"https://gis.water.ca.gov/arcgis/rest/services/Geoscientific/i08_B118_SGMA_2019_Basin_Prioritization/MapServer/2","2026-07-28"
"6-093","Very Low",394,"https://gis.water.ca.gov/arcgis/rest/services/Geoscientific/i08_B118_SGMA_2019_Basin_Prioritization/MapServer/2","2026-07-28"
"6-094","Very Low",395,"https://gis.water.ca.gov/arcgis/rest/services/Geoscientific/i08_B118_SGMA_2019_Basin_Prioritization/MapServer/2","2026-07-28"
"6-095","Very Low",396,"https://gis.water.ca.gov/arcgis/rest/services/Geoscientific/i08_B118_SGMA_2019_Basin_Prioritization/MapServer/2","2026-07-28"
"6-096","Very Low",397,"https://gis.water.ca.gov/arcgis/rest/services/Geoscientific/i08_B118_SGMA_2019_Basin_Prioritization/MapServer/2","2026-07-28"
"6-097","Very Low",398,"https://gis.water.ca.gov/arcgis/rest/services/Geoscientific/i08_B118_SGMA_2019_Basin_Prioritization/MapServer/2","2026-07-28"
"6-098","Very Low",399,"https://gis.water.ca.gov/arcgis/rest/services/Geoscientific/i08_B118_SGMA_2019_Basin_Prioritization/MapServer/2","2026-07-28"
"6-099","Very Low",400,"https://gis.water.ca.gov/arcgis/rest/services/Geoscientific/i08_B118_SGMA_2019_Basin_Prioritization/MapServer/2","2026-07-28"
"6-100","Very Low",401,"https://gis.water.ca.gov/arcgis/rest/services/Geoscientific/i08_B118_SGMA_2019_Basin_Prioritization/MapServer/2","2026-07-28"
"6-101","Very Low",402,"https://gis.water.ca.gov/arcgis/rest/services/Geoscientific/i08_B118_SGMA_2019_Basin_Prioritization/MapServer/2","2026-07-28"
"6-104","Very Low",403,"https://gis.water.ca.gov/arcgis/rest/services/Geoscientific/i08_B118_SGMA_2019_Basin_Prioritization/MapServer/2","2026-07-28"
"6-105","Very Low",404,"https://gis.water.ca.gov/arcgis/rest/services/Geoscientific/i08_B118_SGMA_2019_Basin_Prioritization/MapServer/2","2026-07-28"
"6-106","Very Low",405,"https://gis.water.ca.gov/arcgis/rest/services/Geoscientific/i08_B118_SGMA_2019_Basin_Prioritization/MapServer/2","2026-07-28"
"6-107","Very Low",406,"https://gis.water.ca.gov/arcgis/rest/services/Geoscientific/i08_B118_SGMA_2019_Basin_Prioritization/MapServer/2","2026-07-28"
"6-108","Very Low",407,"https://gis.water.ca.gov/arcgis/rest/services/Geoscientific/i08_B118_SGMA_2019_Basin_Prioritization/MapServer/2","2026-07-28"
"7-001","Very Low",408,"https://gis.water.ca.gov/arcgis/rest/services/Geoscientific/i08_B118_SGMA_2019_Basin_Prioritization/MapServer/2","2026-07-28"
"7-002","Very Low",409,"https://gis.water.ca.gov/arcgis/rest/services/Geoscientific/i08_B118_SGMA_2019_Basin_Prioritization/MapServer/2","2026-07-28"
"7-003","Very Low",410,"https://gis.water.ca.gov/arcgis/rest/services/Geoscientific/i08_B118_SGMA_2019_Basin_Prioritization/MapServer/2","2026-07-28"
"7-004","Very Low",411,"https://gis.water.ca.gov/arcgis/rest/services/Geoscientific/i08_B118_SGMA_2019_Basin_Prioritization/MapServer/2","2026-07-28"
"7-005","Very Low",412,"https://gis.water.ca.gov/arcgis/rest/services/Geoscientific/i08_B118_SGMA_2019_Basin_Prioritization/MapServer/2","2026-07-28"
"7-006","Very Low",413,"https://gis.water.ca.gov/arcgis/rest/services/Geoscientific/i08_B118_SGMA_2019_Basin_Prioritization/MapServer/2","2026-07-28"
"7-007","Very Low",414,"https://gis.water.ca.gov/arcgis/rest/services/Geoscientific/i08_B118_SGMA_2019_Basin_Prioritization/MapServer/2","2026-07-28"
"7-008","Very Low",415,"https://gis.water.ca.gov/arcgis/rest/services/Geoscientific/i08_B118_SGMA_2019_Basin_Prioritization/MapServer/2","2026-07-28"
"7-009","Very Low",416,"https://gis.water.ca.gov/arcgis/rest/services/Geoscientific/i08_B118_SGMA_2019_Basin_Prioritization/MapServer/2","2026-07-28"
"7-010","Very Low",417,"https://gis.water.ca.gov/arcgis/rest/services/Geoscientific/i08_B118_SGMA_2019_Basin_Prioritization/MapServer/2","2026-07-28"
"7-011","Very Low",418,"https://gis.water.ca.gov/arcgis/rest/services/Geoscientific/i08_B118_SGMA_2019_Basin_Prioritization/MapServer/2","2026-07-28"
"7-012","Very Low",419,"https://gis.water.ca.gov/arcgis/rest/services/Geoscientific/i08_B118_SGMA_2019_Basin_Prioritization/MapServer/2","2026-07-28"
"7-013.01","Very Low",420,"https://gis.water.ca.gov/arcgis/rest/services/Geoscientific/i08_B118_SGMA_2019_Basin_Prioritization/MapServer/2","2026-07-28"
"7-013.02","Very Low",421,"https://gis.water.ca.gov/arcgis/rest/services/Geoscientific/i08_B118_SGMA_2019_Basin_Prioritization/MapServer/2","2026-07-28"
"7-014","Very Low",422,"https://gis.water.ca.gov/arcgis/rest/services/Geoscientific/i08_B118_SGMA_2019_Basin_Prioritization/MapServer/2","2026-07-28"
"7-015","Very Low",423,"https://gis.water.ca.gov/arcgis/rest/services/Geoscientific/i08_B118_SGMA_2019_Basin_Prioritization/MapServer/2","2026-07-28"
"7-016","Very Low",424,"https://gis.water.ca.gov/arcgis/rest/services/Geoscientific/i08_B118_SGMA_2019_Basin_Prioritization/MapServer/2","2026-07-28"
"7-017","Very Low",425,"https://gis.water.ca.gov/arcgis/rest/services/Geoscientific/i08_B118_SGMA_2019_Basin_Prioritization/MapServer/2","2026-07-28"
"7-018.01","Very Low",426,"https://gis.water.ca.gov/arcgis/rest/services/Geoscientific/i08_B118_SGMA_2019_Basin_Prioritization/MapServer/2","2026-07-28"
"7-018.02","Very Low",427,"https://gis.water.ca.gov/arcgis/rest/services/Geoscientific/i08_B118_SGMA_2019_Basin_Prioritization/MapServer/2","2026-07-28"
"7-019","Very Low",428,"https://gis.water.ca.gov/arcgis/rest/services/Geoscientific/i08_B118_SGMA_2019_Basin_Prioritization/MapServer/2","2026-07-28"
"7-020","Very Low",429,"https://gis.water.ca.gov/arcgis/rest/services/Geoscientific/i08_B118_SGMA_2019_Basin_Prioritization/MapServer/2","2026-07-28"
"7-021.01","Medium",430,"https://gis.water.ca.gov/arcgis/rest/services/Geoscientific/i08_B118_SGMA_2019_Basin_Prioritization/MapServer/2","2026-07-28"
"7-021.02","Medium",431,"https://gis.water.ca.gov/arcgis/rest/services/Geoscientific/i08_B118_SGMA_2019_Basin_Prioritization/MapServer/2","2026-07-28"
"7-021.03","Very Low",432,"https://gis.water.ca.gov/arcgis/rest/services/Geoscientific/i08_B118_SGMA_2019_Basin_Prioritization/MapServer/2","2026-07-28"
"7-021.04","Medium",433,"https://gis.water.ca.gov/arcgis/rest/services/Geoscientific/i08_B118_SGMA_2019_Basin_Prioritization/MapServer/2","2026-07-28"
"7-022","Very Low",434,"https://gis.water.ca.gov/arcgis/rest/services/Geoscientific/i08_B118_SGMA_2019_Basin_Prioritization/MapServer/2","2026-07-28"
"7-024.01","High",435,"https://gis.water.ca.gov/arcgis/rest/services/Geoscientific/i08_B118_SGMA_2019_Basin_Prioritization/MapServer/2","2026-07-28"
"7-024.02","Very Low",436,"https://gis.water.ca.gov/arcgis/rest/services/Geoscientific/i08_B118_SGMA_2019_Basin_Prioritization/MapServer/2","2026-07-28"
"7-025","Very Low",437,"https://gis.water.ca.gov/arcgis/rest/services/Geoscientific/i08_B118_SGMA_2019_Basin_Prioritization/MapServer/2","2026-07-28"
"7-026","Very Low",438,"https://gis.water.ca.gov/arcgis/rest/services/Geoscientific/i08_B118_SGMA_2019_Basin_Prioritization/MapServer/2","2026-07-28"
"7-027","Very Low",439,"https://gis.water.ca.gov/arcgis/rest/services/Geoscientific/i08_B118_SGMA_2019_Basin_Prioritization/MapServer/2","2026-07-28"
"7-028","Very Low",440,"https://gis.water.ca.gov/arcgis/rest/services/Geoscientific/i08_B118_SGMA_2019_Basin_Prioritization/MapServer/2","2026-07-28"
"7-029","Very Low",441,"https://gis.water.ca.gov/arcgis/rest/services/Geoscientific/i08_B118_SGMA_2019_Basin_Prioritization/MapServer/2","2026-07-28"
"7-030","Very Low",442,"https://gis.water.ca.gov/arcgis/rest/services/Geoscientific/i08_B118_SGMA_2019_Basin_Prioritization/MapServer/2","2026-07-28"
"7-031","Very Low",443,"https://gis.water.ca.gov/arcgis/rest/services/Geoscientific/i08_B118_SGMA_2019_Basin_Prioritization/MapServer/2","2026-07-28"
"7-032","Very Low",444,"https://gis.water.ca.gov/arcgis/rest/services/Geoscientific/i08_B118_SGMA_2019_Basin_Prioritization/MapServer/2","2026-07-28"
"7-033","Very Low",445,"https://gis.water.ca.gov/arcgis/rest/services/Geoscientific/i08_B118_SGMA_2019_Basin_Prioritization/MapServer/2","2026-07-28"
"7-034","Very Low",446,"https://gis.water.ca.gov/arcgis/rest/services/Geoscientific/i08_B118_SGMA_2019_Basin_Prioritization/MapServer/2","2026-07-28"
"7-035","Very Low",447,"https://gis.water.ca.gov/arcgis/rest/services/Geoscientific/i08_B118_SGMA_2019_Basin_Prioritization/MapServer/2","2026-07-28"
"7-036","Very Low",448,"https://gis.water.ca.gov/arcgis/rest/services/Geoscientific/i08_B118_SGMA_2019_Basin_Prioritization/MapServer/2","2026-07-28"
"7-037","Very Low",449,"https://gis.water.ca.gov/arcgis/rest/services/Geoscientific/i08_B118_SGMA_2019_Basin_Prioritization/MapServer/2","2026-07-28"
"7-038","Very Low",450,"https://gis.water.ca.gov/arcgis/rest/services/Geoscientific/i08_B118_SGMA_2019_Basin_Prioritization/MapServer/2","2026-07-28"
"7-039","Very Low",451,"https://gis.water.ca.gov/arcgis/rest/services/Geoscientific/i08_B118_SGMA_2019_Basin_Prioritization/MapServer/2","2026-07-28"
"7-040","Very Low",452,"https://gis.water.ca.gov/arcgis/rest/services/Geoscientific/i08_B118_SGMA_2019_Basin_Prioritization/MapServer/2","2026-07-28"
"7-041","Very Low",453,"https://gis.water.ca.gov/arcgis/rest/services/Geoscientific/i08_B118_SGMA_2019_Basin_Prioritization/MapServer/2","2026-07-28"
"7-042","Very Low",454,"https://gis.water.ca.gov/arcgis/rest/services/Geoscientific/i08_B118_SGMA_2019_Basin_Prioritization/MapServer/2","2026-07-28"
"7-043","Very Low",455,"https://gis.water.ca.gov/arcgis/rest/services/Geoscientific/i08_B118_SGMA_2019_Basin_Prioritization/MapServer/2","2026-07-28"
"7-044","Very Low",456,"https://gis.water.ca.gov/arcgis/rest/services/Geoscientific/i08_B118_SGMA_2019_Basin_Prioritization/MapServer/2","2026-07-28"
"7-045","Very Low",457,"https://gis.water.ca.gov/arcgis/rest/services/Geoscientific/i08_B118_SGMA_2019_Basin_Prioritization/MapServer/2","2026-07-28"
"7-046","Very Low",458,"https://gis.water.ca.gov/arcgis/rest/services/Geoscientific/i08_B118_SGMA_2019_Basin_Prioritization/MapServer/2","2026-07-28"
"7-047","Very Low",459,"https://gis.water.ca.gov/arcgis/rest/services/Geoscientific/i08_B118_SGMA_2019_Basin_Prioritization/MapServer/2","2026-07-28"
"7-048","Very Low",460,"https://gis.water.ca.gov/arcgis/rest/services/Geoscientific/i08_B118_SGMA_2019_Basin_Prioritization/MapServer/2","2026-07-28"
"7-049","Very Low",461,"https://gis.water.ca.gov/arcgis/rest/services/Geoscientific/i08_B118_SGMA_2019_Basin_Prioritization/MapServer/2","2026-07-28"
"7-050","Very Low",462,"https://gis.water.ca.gov/arcgis/rest/services/Geoscientific/i08_B118_SGMA_2019_Basin_Prioritization/MapServer/2","2026-07-28"
"7-051","Very Low",463,"https://gis.water.ca.gov/arcgis/rest/services/Geoscientific/i08_B118_SGMA_2019_Basin_Prioritization/MapServer/2","2026-07-28"
"7-052","Very Low",464,"https://gis.water.ca.gov/arcgis/rest/services/Geoscientific/i08_B118_SGMA_2019_Basin_Prioritization/MapServer/2","2026-07-28"
"7-053","Very Low",465,"https://gis.water.ca.gov/arcgis/rest/services/Geoscientific/i08_B118_SGMA_2019_Basin_Prioritization/MapServer/2","2026-07-28"
"7-054","Very Low",466,"https://gis.water.ca.gov/arcgis/rest/services/Geoscientific/i08_B118_SGMA_2019_Basin_Prioritization/MapServer/2","2026-07-28"
"7-055","Very Low",467,"https://gis.water.ca.gov/arcgis/rest/services/Geoscientific/i08_B118_SGMA_2019_Basin_Prioritization/MapServer/2","2026-07-28"
"7-056","Very Low",468,"https://gis.water.ca.gov/arcgis/rest/services/Geoscientific/i08_B118_SGMA_2019_Basin_Prioritization/MapServer/2","2026-07-28"
"7-059","Very Low",469,"https://gis.water.ca.gov/arcgis/rest/services/Geoscientific/i08_B118_SGMA_2019_Basin_Prioritization/MapServer/2","2026-07-28"
"7-061","Very Low",470,"https://gis.water.ca.gov/arcgis/rest/services/Geoscientific/i08_B118_SGMA_2019_Basin_Prioritization/MapServer/2","2026-07-28"
"7-062","Very Low",471,"https://gis.water.ca.gov/arcgis/rest/services/Geoscientific/i08_B118_SGMA_2019_Basin_Prioritization/MapServer/2","2026-07-28"
"7-063","Very Low",472,"https://gis.water.ca.gov/arcgis/rest/services/Geoscientific/i08_B118_SGMA_2019_Basin_Prioritization/MapServer/2","2026-07-28"
"8-001","Medium",473,"https://gis.water.ca.gov/arcgis/rest/services/Geoscientific/i08_B118_SGMA_2019_Basin_Prioritization/MapServer/2","2026-07-28"
"8-002.01","Very Low",474,"https://gis.water.ca.gov/arcgis/rest/services/Geoscientific/i08_B118_SGMA_2019_Basin_Prioritization/MapServer/2","2026-07-28"
"8-002.02","Very Low",475,"https://gis.water.ca.gov/arcgis/rest/services/Geoscientific/i08_B118_SGMA_2019_Basin_Prioritization/MapServer/2","2026-07-28"
"8-002.03","Very Low",476,"https://gis.water.ca.gov/arcgis/rest/services/Geoscientific/i08_B118_SGMA_2019_Basin_Prioritization/MapServer/2","2026-07-28"
"8-002.04","Very Low",477,"https://gis.water.ca.gov/arcgis/rest/services/Geoscientific/i08_B118_SGMA_2019_Basin_Prioritization/MapServer/2","2026-07-28"
"8-002.05","Very Low",478,"https://gis.water.ca.gov/arcgis/rest/services/Geoscientific/i08_B118_SGMA_2019_Basin_Prioritization/MapServer/2","2026-07-28"
"8-002.06","Very Low",479,"https://gis.water.ca.gov/arcgis/rest/services/Geoscientific/i08_B118_SGMA_2019_Basin_Prioritization/MapServer/2","2026-07-28"
"8-002.07","High",480,"https://gis.water.ca.gov/arcgis/rest/services/Geoscientific/i08_B118_SGMA_2019_Basin_Prioritization/MapServer/2","2026-07-28"
"8-002.08","Very Low",481,"https://gis.water.ca.gov/arcgis/rest/services/Geoscientific/i08_B118_SGMA_2019_Basin_Prioritization/MapServer/2","2026-07-28"
"8-002.09","Medium",482,"https://gis.water.ca.gov/arcgis/rest/services/Geoscientific/i08_B118_SGMA_2019_Basin_Prioritization/MapServer/2","2026-07-28"
"8-004.01","Medium",483,"https://gis.water.ca.gov/arcgis/rest/services/Geoscientific/i08_B118_SGMA_2019_Basin_Prioritization/MapServer/2","2026-07-28"
"8-004.02","Very Low",484,"https://gis.water.ca.gov/arcgis/rest/services/Geoscientific/i08_B118_SGMA_2019_Basin_Prioritization/MapServer/2","2026-07-28"
"8-005","High",485,"https://gis.water.ca.gov/arcgis/rest/services/Geoscientific/i08_B118_SGMA_2019_Basin_Prioritization/MapServer/2","2026-07-28"
"8-006","Very Low",486,"https://gis.water.ca.gov/arcgis/rest/services/Geoscientific/i08_B118_SGMA_2019_Basin_Prioritization/MapServer/2","2026-07-28"
"8-007","Very Low",487,"https://gis.water.ca.gov/arcgis/rest/services/Geoscientific/i08_B118_SGMA_2019_Basin_Prioritization/MapServer/2","2026-07-28"
"8-008","Very Low",488,"https://gis.water.ca.gov/arcgis/rest/services/Geoscientific/i08_B118_SGMA_2019_Basin_Prioritization/MapServer/2","2026-07-28"
"8-009","Very Low",489,"https://gis.water.ca.gov/arcgis/rest/services/Geoscientific/i08_B118_SGMA_2019_Basin_Prioritization/MapServer/2","2026-07-28"
"9-001","Very Low",490,"https://gis.water.ca.gov/arcgis/rest/services/Geoscientific/i08_B118_SGMA_2019_Basin_Prioritization/MapServer/2","2026-07-28"
"9-002","Very Low",491,"https://gis.water.ca.gov/arcgis/rest/services/Geoscientific/i08_B118_SGMA_2019_Basin_Prioritization/MapServer/2","2026-07-28"
"9-003","Very Low",492,"https://gis.water.ca.gov/arcgis/rest/services/Geoscientific/i08_B118_SGMA_2019_Basin_Prioritization/MapServer/2","2026-07-28"
"9-004","Very Low",493,"https://gis.water.ca.gov/arcgis/rest/services/Geoscientific/i08_B118_SGMA_2019_Basin_Prioritization/MapServer/2","2026-07-28"
"9-005","Very Low",494,"https://gis.water.ca.gov/arcgis/rest/services/Geoscientific/i08_B118_SGMA_2019_Basin_Prioritization/MapServer/2","2026-07-28"
"9-006","Very Low",495,"https://gis.water.ca.gov/arcgis/rest/services/Geoscientific/i08_B118_SGMA_2019_Basin_Prioritization/MapServer/2","2026-07-28"
"9-007.01","Medium",496,"https://gis.water.ca.gov/arcgis/rest/services/Geoscientific/i08_B118_SGMA_2019_Basin_Prioritization/MapServer/2","2026-07-28"
"9-007.02","Very Low",497,"https://gis.water.ca.gov/arcgis/rest/services/Geoscientific/i08_B118_SGMA_2019_Basin_Prioritization/MapServer/2","2026-07-28"
"9-008","Very Low",498,"https://gis.water.ca.gov/arcgis/rest/services/Geoscientific/i08_B118_SGMA_2019_Basin_Prioritization/MapServer/2","2026-07-28"
"9-009","Very Low",499,"https://gis.water.ca.gov/arcgis/rest/services/Geoscientific/i08_B118_SGMA_2019_Basin_Prioritization/MapServer/2","2026-07-28"
"9-010","Medium",500,"https://gis.water.ca.gov/arcgis/rest/services/Geoscientific/i08_B118_SGMA_2019_Basin_Prioritization/MapServer/2","2026-07-28"
"9-011","Very Low",501,"https://gis.water.ca.gov/arcgis/rest/services/Geoscientific/i08_B118_SGMA_2019_Basin_Prioritization/MapServer/2","2026-07-28"
"9-012","Very Low",502,"https://gis.water.ca.gov/arcgis/rest/services/Geoscientific/i08_B118_SGMA_2019_Basin_Prioritization/MapServer/2","2026-07-28"
"9-013","Very Low",503,"https://gis.water.ca.gov/arcgis/rest/services/Geoscientific/i08_B118_SGMA_2019_Basin_Prioritization/MapServer/2","2026-07-28"
"9-014","Very Low",504,"https://gis.water.ca.gov/arcgis/rest/services/Geoscientific/i08_B118_SGMA_2019_Basin_Prioritization/MapServer/2","2026-07-28"
"9-015","Very Low",505,"https://gis.water.ca.gov/arcgis/rest/services/Geoscientific/i08_B118_SGMA_2019_Basin_Prioritization/MapServer/2","2026-07-28"
"9-016","Very Low",506,"https://gis.water.ca.gov/arcgis/rest/services/Geoscientific/i08_B118_SGMA_2019_Basin_Prioritization/MapServer/2","2026-07-28"
"9-022","Very Low",507,"https://gis.water.ca.gov/arcgis/rest/services/Geoscientific/i08_B118_SGMA_2019_Basin_Prioritization/MapServer/2","2026-07-28"
"9-023","Very Low",508,"https://gis.water.ca.gov/arcgis/rest/services/Geoscientific/i08_B118_SGMA_2019_Basin_Prioritization/MapServer/2","2026-07-28"
"9-024","Very Low",509,"https://gis.water.ca.gov/arcgis/rest/services/Geoscientific/i08_B118_SGMA_2019_Basin_Prioritization/MapServer/2","2026-07-28"
"9-025","Very Low",510,"https://gis.water.ca.gov/arcgis/rest/services/Geoscientific/i08_B118_SGMA_2019_Basin_Prioritization/MapServer/2","2026-07-28"
"9-027","Very Low",511,"https://gis.water.ca.gov/arcgis/rest/services/Geoscientific/i08_B118_SGMA_2019_Basin_Prioritization/MapServer/2","2026-07-28"
"9-028","Very Low",512,"https://gis.water.ca.gov/arcgis/rest/services/Geoscientific/i08_B118_SGMA_2019_Basin_Prioritization/MapServer/2","2026-07-28"
"9-029","Very Low",513,"https://gis.water.ca.gov/arcgis/rest/services/Geoscientific/i08_B118_SGMA_2019_Basin_Prioritization/MapServer/2","2026-07-28"
"9-032","Very Low",514,"https://gis.water.ca.gov/arcgis/rest/services/Geoscientific/i08_B118_SGMA_2019_Basin_Prioritization/MapServer/2","2026-07-28"
"9-033","Low",515,"https://gis.water.ca.gov/arcgis/rest/services/Geoscientific/i08_B118_SGMA_2019_Basin_Prioritization/MapServer/2","2026-07-28"
