order,geometry_id,role,include_in_display,baseline_sha256,display_sha256
1,SCSC1_FNF,fnf_forecast_watershed,TRUE,ec7c731802df76f4ddf4bc94dfc6e01da5f4829e872723d3c698e2f5fc4c338d,a8eb5275128e128200c6cec2e65fa808d5e831026f396f0f5d171159d703047c
2,TMDC1_FNF,fnf_forecast_watershed,TRUE,ba7d609d4c088af01f7d0ab3485caaaeabed96849c0c3e4b23b72cec2a16b80f,b562ed2e86539e0859211c2b4b880fa277f225d9bdabe22fc9611fe2fedddb78
3,SHDC1_FNF,fnf_forecast_watershed,TRUE,8772d63ab70f7972278dc6214918f025f298beee48001424d3b8eb97349f2de0,10f087c315923c8d5c77251742dc8564959fbc7530805ad47fc257ea0c82aeca
4,CEGC1_FNF,fnf_forecast_watershed,TRUE,846b01f7b3e2d7f818b43f0f3f8dcb64be0a7b4edcce5956e1a5152c92de8f61,715227ce8e48674b3210669f9b6d48ccf0ecd69649e68fca6a9b1816fda1cd49
5,ORDC1_FNF,fnf_forecast_watershed,TRUE,616128e839f147c9076c3e8c760595c7e60b028c3e0e9d184a2b9c9f81f60923,0cd5f9a27db93c242a03b3a32574901a889ef24ab900352c466720dc8cadefd5
6,HLEC1_FNF,fnf_forecast_watershed,TRUE,4fd17408a23f4871717bf5a33f0f006b64bbe36e41fe160431ac2a122fb84610,a56b852066afa67350b635fd0b8d34ef910246d097aef5283978cf2810f14212
7,FOLC1_FNF,fnf_forecast_watershed,TRUE,db2a385e3a4c6dab322ae0814b229567a6783a1a00c1f8b0ff313a1cb55a00f9,6e98da42b0dfe347b2806a0a0d5a2becb0276f55bac24afe86bc2a73a2647acd
8,NDPC1_FNF,fnf_forecast_watershed,TRUE,4aaf0f6b3b67038ff483d244878b22d3dc80c958cd06e8fc8800110918d13274,f28a670d471b3be11ec09920d71a740ebb35ed01a9a4ffc725c7d46093c49db6
9,EXQC1_FNF,fnf_forecast_watershed,TRUE,978973bc72dc04ce1053bb0b83d8ce9da0ec01e79004c5cc78fc280cf9cf4386,cbff31cb9af05619208d8d13b045019bef6c086296f0252d10b8d88fd582909d
10,FRAC1_FNF,fnf_forecast_watershed,TRUE,fc9622955bb1ad6ba690d03ee8740b5fd2a962eacd4d5029306bbafdc4604a78,1713c3055d690a2922ea98545b45438fc37bb82f3a786582c311bdd8e48d7611
11,PFTC1_FNF,fnf_forecast_watershed,TRUE,ddaba141e6eb3850f190520434eaec7d00dbec017dcdc9ff06041eaf7cd2d45d,11880f483265f7b4375ebdf731aaf25fd848edebd9f9b51345b01f309ce4eca9
12,ISAC1_FNF,fnf_forecast_watershed,TRUE,05ce09f1b2934f1502c83ffb76f3c0b0168ccaebc23db95be0e74529aae6da86,6970b64adb107c2a76b60945344e4e20f3a2eef982974b5dbd46f013ec727e69
13,MHBC1_FNF,fnf_forecast_watershed,TRUE,41123ae0d9e91880c4285c75a4d52c6c7a07334e4fa1947ab7a2324595fd279e,802c0e060d7100debfced813c2f6436a6a3117bfcdd9bdb4d8e6d2045eff5997
14,CMPC1_FNF,fnf_forecast_watershed,TRUE,7f00760c26b784f127d44ce0dd80cc7e0006456f5331ccbd41dd73b6776ab529,4836165ef2cf5ab1f0ef1e5c8f9c7718664028c641e9f31d3a8ce5bfd256e275
15,NMSC1_FNF,fnf_forecast_watershed,TRUE,68201705c9089ae6e434895597872c2102e4090e617b17382522b9ae82d04752,528ccc0d675ade1c26a52586f34ed3509f3eff061a6d230ca7f6adfdca4ebf34
16,BDBC1_FNF,fnf_forecast_watershed,FALSE,911a9a4509ce3588a5aba9f341a51eaf6f07a2f08ef022553eb4796672495bea,5918228574e011be901dd9c8a3c66706bb38af7d209316d4e58bdb006716a7a9
17,SACC0_FNF,fnf_index_watershed,TRUE,cc9e841e8c1d3149bc4bb0d72cfdae301a54438e7ffe25426188c95a9f8ae6a5,3561e2839b38c3f5f8da0d6b88ce263edc8007f542ca31c29eb3ebb66d146ae4
18,VNSC0_FNF,fnf_index_watershed,TRUE,2b9437d238c2a1238f0f31047c7b18f1c985fde139ca359f47c75baac3f1d4e2,3f14da385c02213f8409f78418a39fca541c43c8e2ec5ca3b0d0a948186b2d5d
19,MLIC0_FNF,fnf_index_watershed,TRUE,3411ebb694aeb731957d1a95f859ded75ad22ba4d38ddad1cb63fb9652394237,4c12c0ec9a31c6fbbfb2954cf90a13b7219b3fe6264c9d341a7b99c6ea1f9aa7
