"layer_id","display_name","cache_file","cache_exists","cache_path","cache_size_mb","cache_size_pct_of_250mb","read_error","object_class","is_sf","is_list_cache","list_names","n_features","geometry_family_expected","geometry_types","crs_epsg","bbox","western_us_bbox_ok","contains_zero_zero","empty_geometry_count","invalid_geometry_count","required_fields","missing_required_fields","required_fields_max_blank_fraction","duplicate_coord_groups","max_coord_stack","duplicate_id_groups","warning_count","warnings"
"project_areas","Project area(s)","project_areas_map.rds",TRUE,"C:/Users/doconnor/OneDrive - DOI/Documents/PortaTreasure2/04_processed_data/cache/latest/project_areas_map.rds",0.001,0,,"sf;data.frame",TRUE,FALSE,,0,"polygon",,"4326","xmin=NA;ymin=NA;xmax=NA;ymax=NA",FALSE,FALSE,0,0,,,,0,0,0,2,"zero features | bbox outside broad western-US sanity range"
"blm_offices","BLM Offices","blm_offices_map.rds",TRUE,"C:/Users/doconnor/OneDrive - DOI/Documents/PortaTreasure2/04_processed_data/cache/latest/blm_offices_map.rds",0.002,0,,"sf;tbl_df;tbl;data.frame",TRUE,FALSE,,19,"point","POINT","4326","xmin=-124.087468;ymin=32.779528;xmax=-114.601111;ymax=41.529781",TRUE,FALSE,0,0,,,,3,2,0,0,"OK"
"field_office_outer","BLM Field Office (outer)","field_office_outer_map.rds",TRUE,"C:/Users/doconnor/OneDrive - DOI/Documents/PortaTreasure2/04_processed_data/cache/latest/field_office_outer_map.rds",1.031,0.4,,"sf;data.frame",TRUE,FALSE,,14,"polygon","POLYGON;MULTIPOLYGON","4326","xmin=-124.409782;ymin=32.53406;xmax=-114.245277;ymax=42.009504",TRUE,FALSE,0,0,,,,0,0,0,0,"OK"
"blm_core","BLM-CA Managed (core)","blm_core_map.rds",TRUE,"C:/Users/doconnor/OneDrive - DOI/Documents/PortaTreasure2/04_processed_data/cache/latest/blm_core_map.rds",4.873,1.9,,"sf;data.frame",TRUE,FALSE,,1,"polygon","MULTIPOLYGON","4326","xmin=-124.418097;ymin=32.555541;xmax=-114.131473;ymax=42.009504",TRUE,FALSE,0,0,"popup_html",,0,0,0,0,0,"OK"
"blm_diffs","BLM Held/Managed Differences","blm_diffs_map.rds",TRUE,"C:/Users/doconnor/OneDrive - DOI/Documents/PortaTreasure2/04_processed_data/cache/latest/blm_diffs_map.rds",0.041,0,,"sf;data.frame",TRUE,FALSE,,2,"polygon","MULTIPOLYGON","4326","xmin=-124.368083;ymin=32.947257;xmax=-114.785233;ymax=41.962558",TRUE,FALSE,0,0,"popup_html",,0,0,0,0,0,"OK"
"gw_bull118","GW – Bull. 118","gw_bull118_map.rds",TRUE,"C:/Users/doconnor/OneDrive - DOI/Documents/PortaTreasure2/04_processed_data/cache/latest/gw_bull118_map.rds",0.497,0.2,,"sf;data.frame",TRUE,FALSE,,515,"polygon","POLYGON;MULTIPOLYGON","4326","xmin=-124.35549;ymin=32.534084;xmax=-114.237775;ymax=42.003367",TRUE,FALSE,0,0,"popup_html",,0,0,0,0,0,"OK"
"cnrfc_basins","CNRFC Basins","cnrfc_basins_map.rds",TRUE,"C:/Users/doconnor/OneDrive - DOI/Documents/PortaTreasure2/04_processed_data/cache/latest/cnrfc_basins_map.rds",0.442,0.2,,"sf;data.frame",TRUE,FALSE,,345,"polygon","POLYGON","4326","xmin=-124.289191;ymin=32.589256;xmax=-115.953071;ymax=43.342465",TRUE,FALSE,0,0,,,,0,0,0,0,"OK"
"cnrfc_fnf_delta","CNRFC FNF Delta Basins","cnrfc_fnf_delta_map.rds",TRUE,"C:/Users/doconnor/OneDrive - DOI/Documents/PortaTreasure2/04_processed_data/cache/latest/cnrfc_fnf_delta_map.rds",0.191,0.1,,"sf;data.frame",TRUE,FALSE,,15,"polygon","POLYGON","4326","xmin=-123.039623;ymin=35.417895;xmax=-117.980812;ymax=41.826067",TRUE,FALSE,0,0,,,,0,0,0,0,"OK"
"huc2","HUC2","huc_all_map.rds",TRUE,"C:/Users/doconnor/OneDrive - DOI/Documents/PortaTreasure2/04_processed_data/cache/latest/huc_all_map.rds",6.693,2.7,,"sf;data.frame",TRUE,FALSE,,4,"polygon","MULTIPOLYGON;POLYGON","4326","xmin=-124.902204;ymin=29.838591;xmax=-107.785091;ymax=52.87951",TRUE,FALSE,0,0,,,,0,0,0,0,"OK"
"huc4","HUC4","huc_all_map.rds",TRUE,"C:/Users/doconnor/OneDrive - DOI/Documents/PortaTreasure2/04_processed_data/cache/latest/huc_all_map.rds",6.693,2.7,,"sf;data.frame",TRUE,FALSE,,16,"polygon","MULTIPOLYGON;POLYGON","4326","xmin=-124.859839;ymin=31.510395;xmax=-112.550193;ymax=48.395503",TRUE,FALSE,0,0,,,,0,0,0,0,"OK"
"huc6","HUC6","huc_all_map.rds",TRUE,"C:/Users/doconnor/OneDrive - DOI/Documents/PortaTreasure2/04_processed_data/cache/latest/huc_all_map.rds",6.693,2.7,,"sf;data.frame",TRUE,FALSE,,24,"polygon","POLYGON;MULTIPOLYGON","4326","xmin=-124.703465;ymin=31.510395;xmax=-113.404803;ymax=44.297961",TRUE,FALSE,0,0,,,,0,0,0,0,"OK"
"huc8","HUC8","huc_all_map.rds",TRUE,"C:/Users/doconnor/OneDrive - DOI/Documents/PortaTreasure2/04_processed_data/cache/latest/huc_all_map.rds",6.693,2.7,,"sf;data.frame",TRUE,FALSE,,140,"polygon","MULTIPOLYGON;POLYGON","4326","xmin=-124.534961;ymin=31.644489;xmax=-113.855777;ymax=43.006474",TRUE,FALSE,0,0,,,,0,0,0,0,"OK"
"huc10","HUC10","huc_all_map.rds",TRUE,"C:/Users/doconnor/OneDrive - DOI/Documents/PortaTreasure2/04_processed_data/cache/latest/huc_all_map.rds",6.693,2.7,,"sf;data.frame",TRUE,FALSE,,1128,"polygon","POLYGON;MULTIPOLYGON","4326","xmin=-124.534961;ymin=31.644489;xmax=-113.855777;ymax=43.006474",TRUE,FALSE,0,0,,,,0,0,0,0,"OK"
"huc12","HUC12","huc_all_map.rds",TRUE,"C:/Users/doconnor/OneDrive - DOI/Documents/PortaTreasure2/04_processed_data/cache/latest/huc_all_map.rds",6.693,2.7,,"sf;data.frame",TRUE,FALSE,,5065,"polygon","POLYGON;MULTIPOLYGON","4326","xmin=-124.534961;ymin=31.644489;xmax=-113.855777;ymax=43.006474",TRUE,FALSE,0,0,,,,0,0,0,0,"OK"
"cnrfc_stream","CNRFC River & Reservoir","cnrfc_stream_map.rds",TRUE,"C:/Users/doconnor/OneDrive - DOI/Documents/PortaTreasure2/04_processed_data/cache/latest/cnrfc_stream_map.rds",0.238,0.1,,"sf;tbl_df;tbl;data.frame",TRUE,FALSE,,2047,"point","POINT","4326","xmin=-124.28222;ymin=32.44417;xmax=-113.58111;ymax=42.37333",TRUE,FALSE,0,0,"popup_html",,0,34,3,0,0,"OK"
"cnrfc_precip","CNRFC Precip Gages","cnrfc_precip_map.rds",TRUE,"C:/Users/doconnor/OneDrive - DOI/Documents/PortaTreasure2/04_processed_data/cache/latest/cnrfc_precip_map.rds",0.262,0.1,,"sf;tbl_df;tbl;data.frame",TRUE,FALSE,,3137,"point","POINT","4326","xmin=-124.30028;ymin=32.27222;xmax=-113.44444;ymax=42.37778",TRUE,FALSE,0,0,"popup_html",,0,19,2,0,0,"OK"
"cdec_reservoir_stations","CDEC Reservoir Stations","cdec_reservoir_stations_map.rds",TRUE,"C:/Users/doconnor/OneDrive - DOI/Documents/PortaTreasure2/04_processed_data/cache/latest/cdec_reservoir_stations_map.rds",0.047,0,,"sf;tbl_df;tbl;data.frame",TRUE,FALSE,,218,"point","POINT","4326","xmin=-123.432999;ymin=32.609001;xmax=-116.550003;ymax=41.540894",TRUE,FALSE,0,0,"popup_html",,0,4,2,0,0,"OK"
"usgs_streamgages","USGS Streamgages","usgs_streamgages_map.rds",TRUE,"C:/Users/doconnor/OneDrive - DOI/Documents/PortaTreasure2/04_processed_data/cache/latest/usgs_streamgages_map.rds",0.351,0.1,,"sf;data.frame",TRUE,FALSE,,2387,"point","POINT","4326","xmin=-124.294215;ymin=32.551723;xmax=-114.14023;ymax=42.006236",TRUE,FALSE,0,0,"popup_html",,0,74,7,0,0,"OK"
"usgs_wells","USGS Wells","usgs_wells_map.rds",TRUE,"C:/Users/doconnor/OneDrive - DOI/Documents/PortaTreasure2/04_processed_data/cache/latest/usgs_wells_map.rds",5.724,2.3,,"sf;data.frame",TRUE,FALSE,,44159,"point","POINT","4326","xmin=-124.289493;ymin=32.542483;xmax=-114.133419;ymax=41.998762",TRUE,FALSE,0,0,"popup_html",,0,1710,11,0,1,"large duplicate coordinate stack: 11"
"swrcb_wr_list_official","SWRCB 2026 BLM WR list records","swrcb_pod_wr_blm_map.rds",TRUE,"C:/Users/doconnor/OneDrive - DOI/Documents/PortaTreasure2/04_processed_data/cache/latest/swrcb_pod_wr_blm_map.rds",0.276,0.1,,"sf;data.frame",TRUE,FALSE,,3510,"point","POINT","4326","xmin=-124.350901;ymin=32.604916;xmax=-114.145191;ymax=41.99436",TRUE,FALSE,0,0,"popup_html;pt_match_class","pt_match_class",0,323,30,0,2,"missing required fields: pt_match_class | large duplicate coordinate stack: 30"
"swrcb_pod_spatial_matches","SWRCB additional PODs spatially matched to BLM","swrcb_pod_wr_blm_map.rds",TRUE,"C:/Users/doconnor/OneDrive - DOI/Documents/PortaTreasure2/04_processed_data/cache/latest/swrcb_pod_wr_blm_map.rds",0.276,0.1,,"sf;data.frame",TRUE,FALSE,,3510,"point","POINT","4326","xmin=-124.350901;ymin=32.604916;xmax=-114.145191;ymax=41.99436",TRUE,FALSE,0,0,"popup_html;pt_match_class","pt_match_class",0,323,30,0,2,"missing required fields: pt_match_class | large duplicate coordinate stack: 30"
"swrcb_name_text_candidates","SWRCB additional BLM name/text-match candidates","swrcb_pod_wr_blm_map.rds",TRUE,"C:/Users/doconnor/OneDrive - DOI/Documents/PortaTreasure2/04_processed_data/cache/latest/swrcb_pod_wr_blm_map.rds",0.276,0.1,,"sf;data.frame",TRUE,FALSE,,3510,"point","POINT","4326","xmin=-124.350901;ymin=32.604916;xmax=-114.145191;ymax=41.99436",TRUE,FALSE,0,0,"popup_html;pt_match_class","pt_match_class",0,323,30,0,2,"missing required fields: pt_match_class | large duplicate coordinate stack: 30"
"x2_km","CVP/SWP X2 km points","x2_km_map.rds",TRUE,"C:/Users/doconnor/OneDrive - DOI/Documents/PortaTreasure2/04_processed_data/cache/latest/x2_km_map.rds",0.007,0,,"sf;data.frame",TRUE,FALSE,,178,"point","POINT","4326","xmin=-122.477845;ymin=37.819338;xmax=-121.500959;ymax=38.585136",TRUE,FALSE,0,0,"popup_html",,0,0,0,0,0,"OK"
"springs","Springs","springs_map.rds",TRUE,"C:/Users/doconnor/OneDrive - DOI/Documents/PortaTreasure2/04_processed_data/cache/latest/springs_map.rds",0.643,0.3,,"sf;data.frame",TRUE,FALSE,,27278,"point","POINT","4326","xmin=-124.401778;ymin=32.563042;xmax=-114.14389;ymax=42.921155",TRUE,FALSE,0,0,"popup_html",,0,16,2,0,0,"OK"
"scan_stations","SCAN Stations","scan_stations_map.rds",TRUE,"C:/Users/doconnor/OneDrive - DOI/Documents/PortaTreasure2/04_processed_data/cache/latest/scan_stations_map.rds",0.004,0,,"sf;data.frame",TRUE,FALSE,,28,"point","POINT","4326","xmin=-122.55083;ymin=33.6547;xmax=-115.09763;ymax=41.05204",TRUE,FALSE,0,0,"popup_html",,0,0,0,0,0,"OK"
"snow_pillows","Snow Pillows","snow_pillows_map.rds",TRUE,"C:/Users/doconnor/OneDrive - DOI/Documents/PortaTreasure2/04_processed_data/cache/latest/snow_pillows_map.rds",0.035,0,,"sf;data.frame",TRUE,FALSE,,304,"point","POINT","4326","xmin=-123.37331;ymin=35.961533;xmax=-114.2429;ymax=45.9821",TRUE,FALSE,0,0,"popup_html",,0,0,0,0,0,"OK"
"calsim3_nodes","CalSim3 Nodes","calsim3_nodes_map.rds",TRUE,"C:/Users/doconnor/OneDrive - DOI/Documents/PortaTreasure2/04_processed_data/cache/latest/calsim3_nodes_map.rds",0.144,0.1,,"sf;data.frame",TRUE,FALSE,,1540,"point","POINT","4326","xmin=-122.803565;ymin=36.012021;xmax=-119.558674;ymax=40.801178",TRUE,FALSE,0,0,,,,0,0,0,0,"OK"
"major_conveyance","Major Conveyance","major_conveyance_map.rds",TRUE,"C:/Users/doconnor/OneDrive - DOI/Documents/PortaTreasure2/04_processed_data/cache/latest/major_conveyance_map.rds",1.647,0.7,,"sf;tbl_df;tbl;data.frame",TRUE,FALSE,,444,"line","LINESTRING;MULTILINESTRING","4326","xmin=-122.790838;ymin=32.610644;xmax=-114.168626;ymax=41.729453",TRUE,FALSE,0,0,,,,0,0,0,0,"OK"
"calsim3_arcs","CalSim3 Arcs","calsim3_arcs_map.rds",TRUE,"C:/Users/doconnor/OneDrive - DOI/Documents/PortaTreasure2/04_processed_data/cache/latest/calsim3_arcs_map.rds",4.707,1.9,,"sf;data.frame",TRUE,FALSE,,2166,"line","LINESTRING","4326","xmin=-123.711444;ymin=35.999892;xmax=-119.474733;ymax=41.331466",TRUE,FALSE,0,0,,,,0,0,0,0,"OK"
"deltamapr_canals","Deltamapr Conveyance","deltamapr_canals_map.rds",TRUE,"C:/Users/doconnor/OneDrive - DOI/Documents/PortaTreasure2/04_processed_data/cache/latest/deltamapr_canals_map.rds",1.798,0.7,,"sf;data.frame",TRUE,FALSE,,508,"line","LINESTRING;MULTILINESTRING","4326","xmin=-122.790522;ymin=32.607714;xmax=-114.157862;ymax=42.348784",TRUE,FALSE,0,0,,,,0,0,0,0,"OK"
"wild_scenic_rivers","Wild & Scenic Rivers","reference_layers_all_map.rds",TRUE,"C:/Users/doconnor/OneDrive - DOI/Documents/PortaTreasure2/04_processed_data/cache/latest/reference_layers_all_map.rds",22.509,9,,"list",FALSE,TRUE,"trails;monuments;cadesert_ncl;wildernessstudyarea;fedwilderness;drecp;acec;allotments;wsr;gsps;gwbasins_adjd",,"line",,,,,,,,,,,,,,0,"list cache not expanded to a specific sf layer"
"county","Counties","county_map.rds",TRUE,"C:/Users/doconnor/OneDrive - DOI/Documents/PortaTreasure2/04_processed_data/cache/latest/county_map.rds",0.928,0.4,,"sf;tbl_df;tbl;data.frame",TRUE,FALSE,,58,"polygon","POLYGON;MULTIPOLYGON","4326","xmin=-124.415172;ymin=32.534284;xmax=-114.130782;ymax=42.009499",TRUE,FALSE,0,0,"popup_html",,0,0,0,0,0,"OK"
"national_scenic_historic_trails","National Scenic/Historic Trails","reference_layers_all_map.rds",TRUE,"C:/Users/doconnor/OneDrive - DOI/Documents/PortaTreasure2/04_processed_data/cache/latest/reference_layers_all_map.rds",22.509,9,,"list",FALSE,TRUE,"trails;monuments;cadesert_ncl;wildernessstudyarea;fedwilderness;drecp;acec;allotments;wsr;gsps;gwbasins_adjd",,"polygon",,,,,,,,,,,,,,0,"list cache not expanded to a specific sf layer"
"national_monuments","National Monuments","reference_layers_all_map.rds",TRUE,"C:/Users/doconnor/OneDrive - DOI/Documents/PortaTreasure2/04_processed_data/cache/latest/reference_layers_all_map.rds",22.509,9,,"list",FALSE,TRUE,"trails;monuments;cadesert_ncl;wildernessstudyarea;fedwilderness;drecp;acec;allotments;wsr;gsps;gwbasins_adjd",,"polygon",,,,,,,,,,,,,,0,"list cache not expanded to a specific sf layer"
"ca_desert_ncl","CA Desert National Conservation Lands","reference_layers_all_map.rds",TRUE,"C:/Users/doconnor/OneDrive - DOI/Documents/PortaTreasure2/04_processed_data/cache/latest/reference_layers_all_map.rds",22.509,9,,"list",FALSE,TRUE,"trails;monuments;cadesert_ncl;wildernessstudyarea;fedwilderness;drecp;acec;allotments;wsr;gsps;gwbasins_adjd",,"polygon",,,,,,,,,,,,,,0,"list cache not expanded to a specific sf layer"
"wilderness_study_areas","Wilderness Study Areas","reference_layers_all_map.rds",TRUE,"C:/Users/doconnor/OneDrive - DOI/Documents/PortaTreasure2/04_processed_data/cache/latest/reference_layers_all_map.rds",22.509,9,,"list",FALSE,TRUE,"trails;monuments;cadesert_ncl;wildernessstudyarea;fedwilderness;drecp;acec;allotments;wsr;gsps;gwbasins_adjd",,"polygon",,,,,,,,,,,,,,0,"list cache not expanded to a specific sf layer"
"federal_wilderness","Federal Wilderness","reference_layers_all_map.rds",TRUE,"C:/Users/doconnor/OneDrive - DOI/Documents/PortaTreasure2/04_processed_data/cache/latest/reference_layers_all_map.rds",22.509,9,,"list",FALSE,TRUE,"trails;monuments;cadesert_ncl;wildernessstudyarea;fedwilderness;drecp;acec;allotments;wsr;gsps;gwbasins_adjd",,"polygon",,,,,,,,,,,,,,0,"list cache not expanded to a specific sf layer"
"drecp","DRECP","reference_layers_all_map.rds",TRUE,"C:/Users/doconnor/OneDrive - DOI/Documents/PortaTreasure2/04_processed_data/cache/latest/reference_layers_all_map.rds",22.509,9,,"sf;data.frame",TRUE,FALSE,,1,"polygon","POLYGON","4326","xmin=-118.643362;ymin=32.632866;xmax=-114.130782;ymax=37.302679",TRUE,FALSE,0,0,,,,0,0,0,0,"OK"
"acec","ACECs","reference_layers_all_map.rds",TRUE,"C:/Users/doconnor/OneDrive - DOI/Documents/PortaTreasure2/04_processed_data/cache/latest/reference_layers_all_map.rds",22.509,9,,"sf;data.frame",TRUE,FALSE,,238,"polygon","MULTIPOLYGON","4326","xmin=-124.366747;ymin=32.571153;xmax=-114.245277;ymax=42.007457",TRUE,FALSE,0,0,,,,0,0,0,0,"OK"
"grazing_allotments","Grazing Allotments","reference_layers_all_map.rds",TRUE,"C:/Users/doconnor/OneDrive - DOI/Documents/PortaTreasure2/04_processed_data/cache/latest/reference_layers_all_map.rds",22.509,9,,"list",FALSE,TRUE,"trails;monuments;cadesert_ncl;wildernessstudyarea;fedwilderness;drecp;acec;allotments;wsr;gsps;gwbasins_adjd",,"polygon",,,,,,,,,,,,,,0,"list cache not expanded to a specific sf layer"
"rwqcb_regions","RWQCB Regions","rwqcb_regions_map.rds",TRUE,"C:/Users/doconnor/OneDrive - DOI/Documents/PortaTreasure2/04_processed_data/cache/latest/rwqcb_regions_map.rds",2.708,1.1,,"sf;data.frame",TRUE,FALSE,,9,"polygon","MULTIPOLYGON","4326","xmin=-124.409726;ymin=32.534268;xmax=-114.130771;ymax=42.009437",TRUE,FALSE,0,0,"popup_html",,0,0,0,0,0,"OK"
"water_districts","Water Districts","water_districts_map.rds",TRUE,"C:/Users/doconnor/OneDrive - DOI/Documents/PortaTreasure2/04_processed_data/cache/latest/water_districts_map.rds",4.612,1.8,,"sf;data.frame",TRUE,FALSE,,3483,"polygon","MULTIPOLYGON;POLYGON","4326","xmin=-124.316039;ymin=32.533984;xmax=-114.512387;ymax=42.271745",TRUE,FALSE,0,1,"popup_html",,0,0,0,0,1,"1 invalid geometries"
